gtip_pozisyon,aciklama,fasil
610120100000,"Erkekler ve erkek çocuklar için paltolar, kabanlar, kolsuz ceketler, pelerinler, anoraklar (kayak ceketi dahil), rüzgarlıklar ve benzeri eşya (örme veya kroşe) (61.03 pozisyonundakiler hariç) / Pamuktan / Paltolar, kabanlar, kolsuz ceketler, pelerinler ve benzeri eşya",61
610120900000,"Erkekler ve erkek çocuklar için paltolar, kabanlar, kolsuz ceketler, pelerinler, anoraklar (kayak ceketi dahil), rüzgarlıklar ve benzeri eşya (örme veya kroşe) (61.03 pozisyonundakiler hariç) / Pamuktan / Anoraklar (kayak ceketi dahil), rüzgarlıklar ve benzeri eşya",61
610130100000,"Erkekler ve erkek çocuklar için paltolar, kabanlar, kolsuz ceketler, pelerinler, anoraklar (kayak ceketi dahil), rüzgarlıklar ve benzeri eşya (örme veya kroşe) (61.03 pozisyonundakiler hariç) / Sentetik veya suni liflerden / Paltolar, kabanlar, kolsuz ceketler, pelerinler ve benzeri eşya",61
610130900000,"Erkekler ve erkek çocuklar için paltolar, kabanlar, kolsuz ceketler, pelerinler, anoraklar (kayak ceketi dahil), rüzgarlıklar ve benzeri eşya (örme veya kroşe) (61.03 pozisyonundakiler hariç) / Sentetik veya suni liflerden / Anoraklar (kayak ceketi dahil), rüzgarlıklar ve benzeri eşya",61
610190200000,"Erkekler ve erkek çocuklar için paltolar, kabanlar, kolsuz ceketler, pelerinler, anoraklar (kayak ceketi dahil), rüzgarlıklar ve benzeri eşya (örme veya kroşe) (61.03 pozisyonundakiler hariç) / Dokumaya elverişli diğer maddelerden / Paltolar, kabanlar, kolsuz ceketler, pelerinler ve benzeri eşya",61
610190800000,"Erkekler ve erkek çocuklar için paltolar, kabanlar, kolsuz ceketler, pelerinler, anoraklar (kayak ceketi dahil), rüzgarlıklar ve benzeri eşya (örme veya kroşe) (61.03 pozisyonundakiler hariç) / Dokumaya elverişli diğer maddelerden / Anoraklar (kayak ceketi dahil), rüzgarlıklar ve benzeri eşya",61
610210100000,"Kadınlar ve kız çocuklar için mantolar, kabanlar, kolsuz ceketler, pelerinler, anoraklar (kayak ceketleri dahil), rüzgarlıklar ve benzeri eşya (örme ve kroşe) (61.04 pozisyonundakiler hariç) / Yünden veya ince hayvan kıllarından / Mantolar, kabanlar, kolsuz ceketler, pelerinler ve benzeri eşya",61
610210900000,"Kadınlar ve kız çocuklar için mantolar, kabanlar, kolsuz ceketler, pelerinler, anoraklar (kayak ceketleri dahil), rüzgarlıklar ve benzeri eşya (örme ve kroşe) (61.04 pozisyonundakiler hariç) / Yünden veya ince hayvan kıllarından / Anoraklar (kayak ceketi dahil), rüzgarlıklar ve benzeri eşya",61
610220100000,"Kadınlar ve kız çocuklar için mantolar, kabanlar, kolsuz ceketler, pelerinler, anoraklar (kayak ceketleri dahil), rüzgarlıklar ve benzeri eşya (örme ve kroşe) (61.04 pozisyonundakiler hariç) / Pamuktan / Mantolar, kabanlar, kolsuz ceketler, pelerinler ve benzeri eşya",61
610220900000,"Kadınlar ve kız çocuklar için mantolar, kabanlar, kolsuz ceketler, pelerinler, anoraklar (kayak ceketleri dahil), rüzgarlıklar ve benzeri eşya (örme ve kroşe) (61.04 pozisyonundakiler hariç) / Pamuktan / Anoraklar (kayak ceketi dahil), rüzgarlıklar ve benzeri eşya",61
610230100000,"Kadınlar ve kız çocuklar için mantolar, kabanlar, kolsuz ceketler, pelerinler, anoraklar (kayak ceketleri dahil), rüzgarlıklar ve benzeri eşya (örme ve kroşe) (61.04 pozisyonundakiler hariç) / Sentetik veya suni liflerden / Mantolar, kabanlar, kolsuz ceketler, pelerinler ve benzeri eşya",61
610230900000,"Kadınlar ve kız çocuklar için mantolar, kabanlar, kolsuz ceketler, pelerinler, anoraklar (kayak ceketleri dahil), rüzgarlıklar ve benzeri eşya (örme ve kroşe) (61.04 pozisyonundakiler hariç) / Sentetik veya suni liflerden / Anoraklar (kayak ceketi dahil), rüzgarlıklar ve benzeri eşya",61
610290100000,"Kadınlar ve kız çocuklar için mantolar, kabanlar, kolsuz ceketler, pelerinler, anoraklar (kayak ceketleri dahil), rüzgarlıklar ve benzeri eşya (örme ve kroşe) (61.04 pozisyonundakiler hariç) / Dokumaya elverişli diğer maddelerden / Mantolar, kabanlar, kolsuz ceketler, pelerinler ve benzeri eşya",61
610290900000,"Kadınlar ve kız çocuklar için mantolar, kabanlar, kolsuz ceketler, pelerinler, anoraklar (kayak ceketleri dahil), rüzgarlıklar ve benzeri eşya (örme ve kroşe) (61.04 pozisyonundakiler hariç) / Dokumaya elverişli diğer maddelerden / Anoraklar (kayak ceketleri dahil), rüzgarlıklar ve benzeri eşya",61
610310100000,"Erkekler ve erkek çocuklar için takım elbiseler, takımlar, ceketler, blazerler, pantolonlar, askılı ve üst ön parçası olan tulumlar, kısa pantolonlar ve şortlar (örme veya kroşe) (yüzme kıyafeti hariç) / Takım elbiseler / Yünden veya ince hayvan kıllarından",61
610310900000,"Erkekler ve erkek çocuklar için takım elbiseler, takımlar, ceketler, blazerler, pantolonlar, askılı ve üst ön parçası olan tulumlar, kısa pantolonlar ve şortlar (örme veya kroşe) (yüzme kıyafeti hariç) / Takım elbiseler / Diğerleri",61
610322000000,"Erkekler ve erkek çocuklar için takım elbiseler, takımlar, ceketler, blazerler, pantolonlar, askılı ve üst ön parçası olan tulumlar, kısa pantolonlar ve şortlar (örme veya kroşe) (yüzme kıyafeti hariç) / Takımlar / Pamuktan",61
610323000000,"Erkekler ve erkek çocuklar için takım elbiseler, takımlar, ceketler, blazerler, pantolonlar, askılı ve üst ön parçası olan tulumlar, kısa pantolonlar ve şortlar (örme veya kroşe) (yüzme kıyafeti hariç) / Takımlar / Sentetik liflerden",61
610329000011,"Erkekler ve erkek çocuklar için takım elbiseler, takımlar, ceketler, blazerler, pantolonlar, askılı ve üst ön parçası olan tulumlar, kısa pantolonlar ve şortlar (örme veya kroşe) (yüzme kıyafeti hariç) / Takımlar / Dokumaya elverişli diğer maddelerden / Suni liflerden",61
610329000012,"Erkekler ve erkek çocuklar için takım elbiseler, takımlar, ceketler, blazerler, pantolonlar, askılı ve üst ön parçası olan tulumlar, kısa pantolonlar ve şortlar (örme veya kroşe) (yüzme kıyafeti hariç) / Takımlar / Dokumaya elverişli diğer maddelerden / İpek veya ipek döküntülerinden",61
610329000013,"Erkekler ve erkek çocuklar için takım elbiseler, takımlar, ceketler, blazerler, pantolonlar, askılı ve üst ön parçası olan tulumlar, kısa pantolonlar ve şortlar (örme veya kroşe) (yüzme kıyafeti hariç) / Takımlar / Dokumaya elverişli diğer maddelerden / Yünden veya ince hayvan kıllarından",61
610329000018,"Erkekler ve erkek çocuklar için takım elbiseler, takımlar, ceketler, blazerler, pantolonlar, askılı ve üst ön parçası olan tulumlar, kısa pantolonlar ve şortlar (örme veya kroşe) (yüzme kıyafeti hariç) / Takımlar / Dokumaya elverişli diğer maddelerden / Diğerleri",61
610331000000,"Erkekler ve erkek çocuklar için takım elbiseler, takımlar, ceketler, blazerler, pantolonlar, askılı ve üst ön parçası olan tulumlar, kısa pantolonlar ve şortlar (örme veya kroşe) (yüzme kıyafeti hariç) / Ceketler ve blazerler / Yünden veya ince hayvan kıllarından",61
610332000000,"Erkekler ve erkek çocuklar için takım elbiseler, takımlar, ceketler, blazerler, pantolonlar, askılı ve üst ön parçası olan tulumlar, kısa pantolonlar ve şortlar (örme veya kroşe) (yüzme kıyafeti hariç) / Ceketler ve blazerler / Pamuktan",61
610333000000,"Erkekler ve erkek çocuklar için takım elbiseler, takımlar, ceketler, blazerler, pantolonlar, askılı ve üst ön parçası olan tulumlar, kısa pantolonlar ve şortlar (örme veya kroşe) (yüzme kıyafeti hariç) / Ceketler ve blazerler / Sentetik liflerden",61
610339000011,"Erkekler ve erkek çocuklar için takım elbiseler, takımlar, ceketler, blazerler, pantolonlar, askılı ve üst ön parçası olan tulumlar, kısa pantolonlar ve şortlar (örme veya kroşe) (yüzme kıyafeti hariç) / Ceketler ve blazerler / Dokumaya elverişli diğer maddelerden / Suni liflerden ceketler",61
610339000012,"Erkekler ve erkek çocuklar için takım elbiseler, takımlar, ceketler, blazerler, pantolonlar, askılı ve üst ön parçası olan tulumlar, kısa pantolonlar ve şortlar (örme veya kroşe) (yüzme kıyafeti hariç) / Ceketler ve blazerler / Dokumaya elverişli diğer maddelerden / Suni liflerden blazerler",61
610339000013,"Erkekler ve erkek çocuklar için takım elbiseler, takımlar, ceketler, blazerler, pantolonlar, askılı ve üst ön parçası olan tulumlar, kısa pantolonlar ve şortlar (örme veya kroşe) (yüzme kıyafeti hariç) / Ceketler ve blazerler / Dokumaya elverişli diğer maddelerden / Dokumaya elverişli diğer maddelerden ceketler",61
610339000014,"Erkekler ve erkek çocuklar için takım elbiseler, takımlar, ceketler, blazerler, pantolonlar, askılı ve üst ön parçası olan tulumlar, kısa pantolonlar ve şortlar (örme veya kroşe) (yüzme kıyafeti hariç) / Ceketler ve blazerler / Dokumaya elverişli diğer maddelerden / Dokumaya elverişli diğer maddelerden blazerler",61
610341000000,"Erkekler ve erkek çocuklar için takım elbiseler, takımlar, ceketler, blazerler, pantolonlar, askılı ve üst ön parçası olan tulumlar, kısa pantolonlar ve şortlar (örme veya kroşe) (yüzme kıyafeti hariç) / Pantolonlar, askılı ve üst ön parçası olan tulumlar, kısa pantolonlar ve şortlar / Yünden veya ince hayvan kıllarından",61
610342000000,"Erkekler ve erkek çocuklar için takım elbiseler, takımlar, ceketler, blazerler, pantolonlar, askılı ve üst ön parçası olan tulumlar, kısa pantolonlar ve şortlar (örme veya kroşe) (yüzme kıyafeti hariç) / Pantolonlar, askılı ve üst ön parçası olan tulumlar, kısa pantolonlar ve şortlar / Pamuktan",61
610343000000,"Erkekler ve erkek çocuklar için takım elbiseler, takımlar, ceketler, blazerler, pantolonlar, askılı ve üst ön parçası olan tulumlar, kısa pantolonlar ve şortlar (örme veya kroşe) (yüzme kıyafeti hariç) / Pantolonlar, askılı ve üst ön parçası olan tulumlar, kısa pantolonlar ve şortlar / Sentetik liflerden",61
610349000011,"Erkekler ve erkek çocuklar için takım elbiseler, takımlar, ceketler, blazerler, pantolonlar, askılı ve üst ön parçası olan tulumlar, kısa pantolonlar ve şortlar (örme veya kroşe) (yüzme kıyafeti hariç) / Pantolonlar, askılı ve üst ön parçası olan tulumlar, kısa pantolonlar ve şortlar / Dokumaya elverişli diğer maddelerden / Pantolonlar ve kısa pantolonlar",61
610349000091,"Erkekler ve erkek çocuklar için takım elbiseler, takımlar, ceketler, blazerler, pantolonlar, askılı ve üst ön parçası olan tulumlar, kısa pantolonlar ve şortlar (örme veya kroşe) (yüzme kıyafeti hariç) / Pantolonlar, askılı ve üst ön parçası olan tulumlar, kısa pantolonlar ve şortlar / Dokumaya elverişli diğer maddelerden / Diğerleri / Suni liflerden / Şortlar",61
610349000092,"Erkekler ve erkek çocuklar için takım elbiseler, takımlar, ceketler, blazerler, pantolonlar, askılı ve üst ön parçası olan tulumlar, kısa pantolonlar ve şortlar (örme veya kroşe) (yüzme kıyafeti hariç) / Pantolonlar, askılı ve üst ön parçası olan tulumlar, kısa pantolonlar ve şortlar / Dokumaya elverişli diğer maddelerden / Diğerleri / Suni liflerden / Askılı ve üst ön parçası olan tulumlar",61
610349000093,"Erkekler ve erkek çocuklar için takım elbiseler, takımlar, ceketler, blazerler, pantolonlar, askılı ve üst ön parçası olan tulumlar, kısa pantolonlar ve şortlar (örme veya kroşe) (yüzme kıyafeti hariç) / Pantolonlar, askılı ve üst ön parçası olan tulumlar, kısa pantolonlar ve şortlar / Dokumaya elverişli diğer maddelerden / Diğerleri / Diğerleri / Şortlar",61
610349000094,"Erkekler ve erkek çocuklar için takım elbiseler, takımlar, ceketler, blazerler, pantolonlar, askılı ve üst ön parçası olan tulumlar, kısa pantolonlar ve şortlar (örme veya kroşe) (yüzme kıyafeti hariç) / Pantolonlar, askılı ve üst ön parçası olan tulumlar, kısa pantolonlar ve şortlar / Dokumaya elverişli diğer maddelerden / Diğerleri / Diğerleri / Askılı ve üst ön parçası olan tulumlar",61
610413000000,"Kadınlar ve kız çocuklar için takım elbiseler, takımlar, ceketler, blazerler,elbiseler, etekler, pantoIon etekler, pantolonlar, askılı ve üst ön parçası olan tulumlar, kısa pantolonlar ve şortIar (örme veya kroşe) (yüzme kıyafeti hariç) / Takım elbiseler / Sentetik liflerden",61
610419200000,"Kadınlar ve kız çocuklar için takım elbiseler, takımlar, ceketler, blazerler,elbiseler, etekler, pantoIon etekler, pantolonlar, askılı ve üst ön parçası olan tulumlar, kısa pantolonlar ve şortIar (örme veya kroşe) (yüzme kıyafeti hariç) / Takım elbiseler / Dokumaya elverişli diğer maddelerden / Pamuktan",61
610419900012,"Kadınlar ve kız çocuklar için takım elbiseler, takımlar, ceketler, blazerler,elbiseler, etekler, pantoIon etekler, pantolonlar, askılı ve üst ön parçası olan tulumlar, kısa pantolonlar ve şortIar (örme veya kroşe) (yüzme kıyafeti hariç) / Takım elbiseler / Dokumaya elverişli diğer maddelerden / Diğerleri / Suni liflerden",61
610419900013,"Kadınlar ve kız çocuklar için takım elbiseler, takımlar, ceketler, blazerler,elbiseler, etekler, pantoIon etekler, pantolonlar, askılı ve üst ön parçası olan tulumlar, kısa pantolonlar ve şortIar (örme veya kroşe) (yüzme kıyafeti hariç) / Takım elbiseler / Dokumaya elverişli diğer maddelerden / Diğerleri / Yünden veya ince hayvan kıllarından",61
610419900017,"Kadınlar ve kız çocuklar için takım elbiseler, takımlar, ceketler, blazerler,elbiseler, etekler, pantoIon etekler, pantolonlar, askılı ve üst ön parçası olan tulumlar, kısa pantolonlar ve şortIar (örme veya kroşe) (yüzme kıyafeti hariç) / Takım elbiseler / Dokumaya elverişli diğer maddelerden / Diğerleri / Diğerleri",61
610422000000,"Kadınlar ve kız çocuklar için takım elbiseler, takımlar, ceketler, blazerler,elbiseler, etekler, pantoIon etekler, pantolonlar, askılı ve üst ön parçası olan tulumlar, kısa pantolonlar ve şortIar (örme veya kroşe) (yüzme kıyafeti hariç) / Takımlar / Pamuktan",61
610423000000,"Kadınlar ve kız çocuklar için takım elbiseler, takımlar, ceketler, blazerler,elbiseler, etekler, pantoIon etekler, pantolonlar, askılı ve üst ön parçası olan tulumlar, kısa pantolonlar ve şortIar (örme veya kroşe) (yüzme kıyafeti hariç) / Takımlar / Sentetik liflerden",61
610429100000,"Kadınlar ve kız çocuklar için takım elbiseler, takımlar, ceketler, blazerler,elbiseler, etekler, pantoIon etekler, pantolonlar, askılı ve üst ön parçası olan tulumlar, kısa pantolonlar ve şortIar (örme veya kroşe) (yüzme kıyafeti hariç) / Takımlar / Dokumaya elverişli diğer maddelerden / Yünden veya ince hayvan kıllarından",61
610429900011,"Kadınlar ve kız çocuklar için takım elbiseler, takımlar, ceketler, blazerler,elbiseler, etekler, pantoIon etekler, pantolonlar, askılı ve üst ön parçası olan tulumlar, kısa pantolonlar ve şortIar (örme veya kroşe) (yüzme kıyafeti hariç) / Takımlar / Dokumaya elverişli diğer maddelerden / Diğerleri / Suni liflerden",61
610429900017,"Kadınlar ve kız çocuklar için takım elbiseler, takımlar, ceketler, blazerler,elbiseler, etekler, pantoIon etekler, pantolonlar, askılı ve üst ön parçası olan tulumlar, kısa pantolonlar ve şortIar (örme veya kroşe) (yüzme kıyafeti hariç) / Takımlar / Dokumaya elverişli diğer maddelerden / Diğerleri / Diğerleri",61
610431000000,"Kadınlar ve kız çocuklar için takım elbiseler, takımlar, ceketler, blazerler,elbiseler, etekler, pantoIon etekler, pantolonlar, askılı ve üst ön parçası olan tulumlar, kısa pantolonlar ve şortIar (örme veya kroşe) (yüzme kıyafeti hariç) / Ceketler, blazerler / Yünden veya ince hayvan kıllarından",61
610432000000,"Kadınlar ve kız çocuklar için takım elbiseler, takımlar, ceketler, blazerler,elbiseler, etekler, pantoIon etekler, pantolonlar, askılı ve üst ön parçası olan tulumlar, kısa pantolonlar ve şortIar (örme veya kroşe) (yüzme kıyafeti hariç) / Ceketler, blazerler / Pamuktan",61
610433000000,"Kadınlar ve kız çocuklar için takım elbiseler, takımlar, ceketler, blazerler,elbiseler, etekler, pantoIon etekler, pantolonlar, askılı ve üst ön parçası olan tulumlar, kısa pantolonlar ve şortIar (örme veya kroşe) (yüzme kıyafeti hariç) / Ceketler, blazerler / Sentetik liflerden",61
610439000011,"Kadınlar ve kız çocuklar için takım elbiseler, takımlar, ceketler, blazerler,elbiseler, etekler, pantoIon etekler, pantolonlar, askılı ve üst ön parçası olan tulumlar, kısa pantolonlar ve şortIar (örme veya kroşe) (yüzme kıyafeti hariç) / Ceketler, blazerler / Dokumaya elverişli diğer maddelerden / İpek ve ipek döküntülerinden",61
610439000012,"Kadınlar ve kız çocuklar için takım elbiseler, takımlar, ceketler, blazerler,elbiseler, etekler, pantoIon etekler, pantolonlar, askılı ve üst ön parçası olan tulumlar, kısa pantolonlar ve şortIar (örme veya kroşe) (yüzme kıyafeti hariç) / Ceketler, blazerler / Dokumaya elverişli diğer maddelerden / Suni liflerden",61
610439000019,"Kadınlar ve kız çocuklar için takım elbiseler, takımlar, ceketler, blazerler,elbiseler, etekler, pantoIon etekler, pantolonlar, askılı ve üst ön parçası olan tulumlar, kısa pantolonlar ve şortIar (örme veya kroşe) (yüzme kıyafeti hariç) / Ceketler, blazerler / Dokumaya elverişli diğer maddelerden / Diğerleri",61
610441000000,"Kadınlar ve kız çocuklar için takım elbiseler, takımlar, ceketler, blazerler,elbiseler, etekler, pantoIon etekler, pantolonlar, askılı ve üst ön parçası olan tulumlar, kısa pantolonlar ve şortIar (örme veya kroşe) (yüzme kıyafeti hariç) / Elbiseler / Yünden veya ince hayvan kıllarından",61
610442000000,"Kadınlar ve kız çocuklar için takım elbiseler, takımlar, ceketler, blazerler,elbiseler, etekler, pantoIon etekler, pantolonlar, askılı ve üst ön parçası olan tulumlar, kısa pantolonlar ve şortIar (örme veya kroşe) (yüzme kıyafeti hariç) / Elbiseler / Pamuktan",61
610443000011,"Kadınlar ve kız çocuklar için takım elbiseler, takımlar, ceketler, blazerler,elbiseler, etekler, pantoIon etekler, pantolonlar, askılı ve üst ön parçası olan tulumlar, kısa pantolonlar ve şortIar (örme veya kroşe) (yüzme kıyafeti hariç) / Elbiseler / Sentetik liflerden / Gelinlikler",61
610443000019,"Kadınlar ve kız çocuklar için takım elbiseler, takımlar, ceketler, blazerler,elbiseler, etekler, pantoIon etekler, pantolonlar, askılı ve üst ön parçası olan tulumlar, kısa pantolonlar ve şortIar (örme veya kroşe) (yüzme kıyafeti hariç) / Elbiseler / Sentetik liflerden / Diğerleri",61
610444000011,"Kadınlar ve kız çocuklar için takım elbiseler, takımlar, ceketler, blazerler,elbiseler, etekler, pantoIon etekler, pantolonlar, askılı ve üst ön parçası olan tulumlar, kısa pantolonlar ve şortIar (örme veya kroşe) (yüzme kıyafeti hariç) / Elbiseler / Suni liflerden / Gelinlikler",61
610444000019,"Kadınlar ve kız çocuklar için takım elbiseler, takımlar, ceketler, blazerler,elbiseler, etekler, pantoIon etekler, pantolonlar, askılı ve üst ön parçası olan tulumlar, kısa pantolonlar ve şortIar (örme veya kroşe) (yüzme kıyafeti hariç) / Elbiseler / Suni liflerden / Diğerleri",61
610449000012,"Kadınlar ve kız çocuklar için takım elbiseler, takımlar, ceketler, blazerler,elbiseler, etekler, pantoIon etekler, pantolonlar, askılı ve üst ön parçası olan tulumlar, kısa pantolonlar ve şortIar (örme veya kroşe) (yüzme kıyafeti hariç) / Elbiseler / Dokumaya elverişli diğer maddelerden / İpek ve ipek döküntülerinden / Gelinlikler",61
610449000018,"Kadınlar ve kız çocuklar için takım elbiseler, takımlar, ceketler, blazerler,elbiseler, etekler, pantoIon etekler, pantolonlar, askılı ve üst ön parçası olan tulumlar, kısa pantolonlar ve şortIar (örme veya kroşe) (yüzme kıyafeti hariç) / Elbiseler / Dokumaya elverişli diğer maddelerden / İpek ve ipek döküntülerinden / Diğerleri",61
610449000019,"Kadınlar ve kız çocuklar için takım elbiseler, takımlar, ceketler, blazerler,elbiseler, etekler, pantoIon etekler, pantolonlar, askılı ve üst ön parçası olan tulumlar, kısa pantolonlar ve şortIar (örme veya kroşe) (yüzme kıyafeti hariç) / Elbiseler / Dokumaya elverişli diğer maddelerden / Diğerleri",61
610451000000,"Kadınlar ve kız çocuklar için takım elbiseler, takımlar, ceketler, blazerler,elbiseler, etekler, pantoIon etekler, pantolonlar, askılı ve üst ön parçası olan tulumlar, kısa pantolonlar ve şortIar (örme veya kroşe) (yüzme kıyafeti hariç) / Etekler ve pantolon etekler / Yünden veya ince hayvan kıllarından",61
610452000000,"Kadınlar ve kız çocuklar için takım elbiseler, takımlar, ceketler, blazerler,elbiseler, etekler, pantoIon etekler, pantolonlar, askılı ve üst ön parçası olan tulumlar, kısa pantolonlar ve şortIar (örme veya kroşe) (yüzme kıyafeti hariç) / Etekler ve pantolon etekler / Pamuktan",61
610453000000,"Kadınlar ve kız çocuklar için takım elbiseler, takımlar, ceketler, blazerler,elbiseler, etekler, pantoIon etekler, pantolonlar, askılı ve üst ön parçası olan tulumlar, kısa pantolonlar ve şortIar (örme veya kroşe) (yüzme kıyafeti hariç) / Etekler ve pantolon etekler / Sentetik liflerden",61
610459000011,"Kadınlar ve kız çocuklar için takım elbiseler, takımlar, ceketler, blazerler,elbiseler, etekler, pantoIon etekler, pantolonlar, askılı ve üst ön parçası olan tulumlar, kısa pantolonlar ve şortIar (örme veya kroşe) (yüzme kıyafeti hariç) / Etekler ve pantolon etekler / Dokumaya elverişli diğer maddelerden / Suni liflerden etekler",61
610459000012,"Kadınlar ve kız çocuklar için takım elbiseler, takımlar, ceketler, blazerler,elbiseler, etekler, pantoIon etekler, pantolonlar, askılı ve üst ön parçası olan tulumlar, kısa pantolonlar ve şortIar (örme veya kroşe) (yüzme kıyafeti hariç) / Etekler ve pantolon etekler / Dokumaya elverişli diğer maddelerden / Suni liflerden pantolon etekler",61
610459000013,"Kadınlar ve kız çocuklar için takım elbiseler, takımlar, ceketler, blazerler,elbiseler, etekler, pantoIon etekler, pantolonlar, askılı ve üst ön parçası olan tulumlar, kısa pantolonlar ve şortIar (örme veya kroşe) (yüzme kıyafeti hariç) / Etekler ve pantolon etekler / Dokumaya elverişli diğer maddelerden / Dokumaya elverişli diğer maddelerden etekler",61
610459000014,"Kadınlar ve kız çocuklar için takım elbiseler, takımlar, ceketler, blazerler,elbiseler, etekler, pantoIon etekler, pantolonlar, askılı ve üst ön parçası olan tulumlar, kısa pantolonlar ve şortIar (örme veya kroşe) (yüzme kıyafeti hariç) / Etekler ve pantolon etekler / Dokumaya elverişli diğer maddelerden / Dokumaya elverişli diğer maddelerden pantolon etekler",61
610461000000,"Kadınlar ve kız çocuklar için takım elbiseler, takımlar, ceketler, blazerler,elbiseler, etekler, pantoIon etekler, pantolonlar, askılı ve üst ön parçası olan tulumlar, kısa pantolonlar ve şortIar (örme veya kroşe) (yüzme kıyafeti hariç) / Pantolonlar, askılı ve üst ön parçası olan tulumlar, kısa pantolonlar ve şortlar / Yünden veya ince hayvan kıllarından",61
610462000000,"Kadınlar ve kız çocuklar için takım elbiseler, takımlar, ceketler, blazerler,elbiseler, etekler, pantoIon etekler, pantolonlar, askılı ve üst ön parçası olan tulumlar, kısa pantolonlar ve şortIar (örme veya kroşe) (yüzme kıyafeti hariç) / Pantolonlar, askılı ve üst ön parçası olan tulumlar, kısa pantolonlar ve şortlar / Pamuktan",61
610463000000,"Kadınlar ve kız çocuklar için takım elbiseler, takımlar, ceketler, blazerler,elbiseler, etekler, pantoIon etekler, pantolonlar, askılı ve üst ön parçası olan tulumlar, kısa pantolonlar ve şortIar (örme veya kroşe) (yüzme kıyafeti hariç) / Pantolonlar, askılı ve üst ön parçası olan tulumlar, kısa pantolonlar ve şortlar / Sentetik liflerden",61
610469000011,"Kadınlar ve kız çocuklar için takım elbiseler, takımlar, ceketler, blazerler,elbiseler, etekler, pantoIon etekler, pantolonlar, askılı ve üst ön parçası olan tulumlar, kısa pantolonlar ve şortIar (örme veya kroşe) (yüzme kıyafeti hariç) / Pantolonlar, askılı ve üst ön parçası olan tulumlar, kısa pantolonlar ve şortlar / Dokumaya elverişli diğer maddelerden / Pantolonlar ve kısa pantolonlar",61
610469000091,"Kadınlar ve kız çocuklar için takım elbiseler, takımlar, ceketler, blazerler,elbiseler, etekler, pantoIon etekler, pantolonlar, askılı ve üst ön parçası olan tulumlar, kısa pantolonlar ve şortIar (örme veya kroşe) (yüzme kıyafeti hariç) / Pantolonlar, askılı ve üst ön parçası olan tulumlar, kısa pantolonlar ve şortlar / Dokumaya elverişli diğer maddelerden / Diğerleri / Suni liflerden / Şortlar",61
610469000092,"Kadınlar ve kız çocuklar için takım elbiseler, takımlar, ceketler, blazerler,elbiseler, etekler, pantoIon etekler, pantolonlar, askılı ve üst ön parçası olan tulumlar, kısa pantolonlar ve şortIar (örme veya kroşe) (yüzme kıyafeti hariç) / Pantolonlar, askılı ve üst ön parçası olan tulumlar, kısa pantolonlar ve şortlar / Dokumaya elverişli diğer maddelerden / Diğerleri / Suni liflerden / Askılı ve üst ön parçası olan tulumlar",61
610469000093,"Kadınlar ve kız çocuklar için takım elbiseler, takımlar, ceketler, blazerler,elbiseler, etekler, pantoIon etekler, pantolonlar, askılı ve üst ön parçası olan tulumlar, kısa pantolonlar ve şortIar (örme veya kroşe) (yüzme kıyafeti hariç) / Pantolonlar, askılı ve üst ön parçası olan tulumlar, kısa pantolonlar ve şortlar / Dokumaya elverişli diğer maddelerden / Diğerleri / Dokumaya elverişli diğer maddelerden / Şortlar",61
610469000094,"Kadınlar ve kız çocuklar için takım elbiseler, takımlar, ceketler, blazerler,elbiseler, etekler, pantoIon etekler, pantolonlar, askılı ve üst ön parçası olan tulumlar, kısa pantolonlar ve şortIar (örme veya kroşe) (yüzme kıyafeti hariç) / Pantolonlar, askılı ve üst ön parçası olan tulumlar, kısa pantolonlar ve şortlar / Dokumaya elverişli diğer maddelerden / Diğerleri / Dokumaya elverişli diğer maddelerden / Askılı ve üst ön parçası olan tulumlar",61
610510000000,Erkekler ve erkek çocuklar için gömlekler (örme veya kroşe) / Pamuktan,61
610520100000,Erkekler ve erkek çocuklar için gömlekler (örme veya kroşe) / Sentetik veya suni liflerden / Sentetik liflerden,61
610520900000,Erkekler ve erkek çocuklar için gömlekler (örme veya kroşe) / Sentetik veya suni liflerden / Suni liflerden,61
610590100000,Erkekler ve erkek çocuklar için gömlekler (örme veya kroşe) / Dokumaya elverişli diğer maddelerden / Yünden veya ince hayvan kıllarından,61
610590900000,Erkekler ve erkek çocuklar için gömlekler (örme veya kroşe) / Dokumaya elverişli diğer maddelerden / Diğerleri,61
610610000000,"Kadınlar ve kız çocuklar için bluzlar, gömlekler, gömlek -bluzlar (örme veya kroşe) / Pamuktan",61
610620000000,"Kadınlar ve kız çocuklar için bluzlar, gömlekler, gömlek -bluzlar (örme veya kroşe) / Sentetik veya suni liflerden",61
610690100000,"Kadınlar ve kız çocuklar için bluzlar, gömlekler, gömlek -bluzlar (örme veya kroşe) / Dokumaya elverişli diğer maddelerden / Yünden veya ince hayvan kıllarından",61
610690300000,"Kadınlar ve kız çocuklar için bluzlar, gömlekler, gömlek -bluzlar (örme veya kroşe) / Dokumaya elverişli diğer maddelerden / İpek veya ipek döküntülerinden",61
610690500000,"Kadınlar ve kız çocuklar için bluzlar, gömlekler, gömlek -bluzlar (örme veya kroşe) / Dokumaya elverişli diğer maddelerden / Keten ve ramiden",61
610690900000,"Kadınlar ve kız çocuklar için bluzlar, gömlekler, gömlek -bluzlar (örme veya kroşe) / Dokumaya elverişli diğer maddelerden / Dokumaya elverişli diğer maddelerden",61
610711000000,"Erkekler ve erkek çocuklar için külotlar, slipler, gece gömlekleri, pijamalar, bornozlar, robdöşambrlar ve benzeri eşya (örme veya kroşe) / Külotlar ve slipler / Pamuktan",61
610712000000,"Erkekler ve erkek çocuklar için külotlar, slipler, gece gömlekleri, pijamalar, bornozlar, robdöşambrlar ve benzeri eşya (örme veya kroşe) / Külotlar ve slipler / Sentetik ve suni liflerden",61
610719000000,"Erkekler ve erkek çocuklar için külotlar, slipler, gece gömlekleri, pijamalar, bornozlar, robdöşambrlar ve benzeri eşya (örme veya kroşe) / Külotlar ve slipler / Dokumaya elverişli diğer maddelerden",61
610721000000,"Erkekler ve erkek çocuklar için külotlar, slipler, gece gömlekleri, pijamalar, bornozlar, robdöşambrlar ve benzeri eşya (örme veya kroşe) / Gece gömlekleri ve pijamalar / Pamuktan",61
610722000000,"Erkekler ve erkek çocuklar için külotlar, slipler, gece gömlekleri, pijamalar, bornozlar, robdöşambrlar ve benzeri eşya (örme veya kroşe) / Gece gömlekleri ve pijamalar / Sentetik veya suni liflerden",61
610729000000,"Erkekler ve erkek çocuklar için külotlar, slipler, gece gömlekleri, pijamalar, bornozlar, robdöşambrlar ve benzeri eşya (örme veya kroşe) / Gece gömlekleri ve pijamalar / Dokumaya elverişli diğer maddelerden",61
610791000000,"Erkekler ve erkek çocuklar için külotlar, slipler, gece gömlekleri, pijamalar, bornozlar, robdöşambrlar ve benzeri eşya (örme veya kroşe) / Diğerleri / Pamuktan",61
610799000000,"Erkekler ve erkek çocuklar için külotlar, slipler, gece gömlekleri, pijamalar, bornozlar, robdöşambrlar ve benzeri eşya (örme veya kroşe) / Diğerleri / Dokumaya elverişli diğer maddelerden",61
610811000000,"Kadınlar ve kız çocuklar için kombinezonlar, jüp veya jüponlar, slipler ve külotlar, gecelikler, pijamalar, lizözler, bornozlar, sabahlıklar ve benzeri eşya (örme veya kroşe) / Kombinezon, jüp veya jüponlar / Sentetik veya suni liflerden",61
610819000000,"Kadınlar ve kız çocuklar için kombinezonlar, jüp veya jüponlar, slipler ve külotlar, gecelikler, pijamalar, lizözler, bornozlar, sabahlıklar ve benzeri eşya (örme veya kroşe) / Kombinezon, jüp veya jüponlar / Dokumaya elverişli diğer maddelerden",61
610821000000,"Kadınlar ve kız çocuklar için kombinezonlar, jüp veya jüponlar, slipler ve külotlar, gecelikler, pijamalar, lizözler, bornozlar, sabahlıklar ve benzeri eşya (örme veya kroşe) / Slipler ve külotlar / Pamuktan",61
610822000000,"Kadınlar ve kız çocuklar için kombinezonlar, jüp veya jüponlar, slipler ve külotlar, gecelikler, pijamalar, lizözler, bornozlar, sabahlıklar ve benzeri eşya (örme veya kroşe) / Slipler ve külotlar / Sentetik ve suni liflerden",61
610829000000,"Kadınlar ve kız çocuklar için kombinezonlar, jüp veya jüponlar, slipler ve külotlar, gecelikler, pijamalar, lizözler, bornozlar, sabahlıklar ve benzeri eşya (örme veya kroşe) / Slipler ve külotlar / Dokumaya elverişli diğer maddelerden",61
610831000000,"Kadınlar ve kız çocuklar için kombinezonlar, jüp veya jüponlar, slipler ve külotlar, gecelikler, pijamalar, lizözler, bornozlar, sabahlıklar ve benzeri eşya (örme veya kroşe) / Gecelikler ve pijamalar / Pamuktan",61
610832000000,"Kadınlar ve kız çocuklar için kombinezonlar, jüp veya jüponlar, slipler ve külotlar, gecelikler, pijamalar, lizözler, bornozlar, sabahlıklar ve benzeri eşya (örme veya kroşe) / Gecelikler ve pijamalar / Sentetik veya suni liflerden",61
610839000000,"Kadınlar ve kız çocuklar için kombinezonlar, jüp veya jüponlar, slipler ve külotlar, gecelikler, pijamalar, lizözler, bornozlar, sabahlıklar ve benzeri eşya (örme veya kroşe) / Gecelikler ve pijamalar / Dokumaya elverişli diğer maddelerden",61
610891000000,"Kadınlar ve kız çocuklar için kombinezonlar, jüp veya jüponlar, slipler ve külotlar, gecelikler, pijamalar, lizözler, bornozlar, sabahlıklar ve benzeri eşya (örme veya kroşe) / Diğerleri / Pamuktan",61
610892000000,"Kadınlar ve kız çocuklar için kombinezonlar, jüp veya jüponlar, slipler ve külotlar, gecelikler, pijamalar, lizözler, bornozlar, sabahlıklar ve benzeri eşya (örme veya kroşe) / Diğerleri / Sentetik veya suni liflerden",61
610899000000,"Kadınlar ve kız çocuklar için kombinezonlar, jüp veya jüponlar, slipler ve külotlar, gecelikler, pijamalar, lizözler, bornozlar, sabahlıklar ve benzeri eşya (örme veya kroşe) / Diğerleri / Dokumaya elverişli diğer maddelerden",61
610910000000,"Tişörtler, fanilalar, atletler, kaşkorseler ve diğer iç giyim eşyası (örme veya kroşe) / Pamuktan",61
610990200011,"Tişörtler, fanilalar, atletler, kaşkorseler ve diğer iç giyim eşyası (örme veya kroşe) / Dokumaya elverişli diğer maddelerden / Yünden, ince hayvan kıllarından, sentetik veya suni liflerden / Yünden, ince hayvan kıllarından",61
610990200012,"Tişörtler, fanilalar, atletler, kaşkorseler ve diğer iç giyim eşyası (örme veya kroşe) / Dokumaya elverişli diğer maddelerden / Yünden, ince hayvan kıllarından, sentetik veya suni liflerden / Sentetik veya suni liflerden",61
610990900000,"Tişörtler, fanilalar, atletler, kaşkorseler ve diğer iç giyim eşyası (örme veya kroşe) / Dokumaya elverişli diğer maddelerden / Diğerleri",61
611011100000,"Kazaklar, süveterler, hırkalar, yelekler ve benzeri eşya (örme veya kroşe) / Yünden veya ince hayvan kıllarından / Yünden / Kazaklar ve süveterler (ağırlık itibariyle en az %50 yün içeren ve her birinin ağırlığı 600 gr. veya daha fazla olanlar)",61
611011300000,"Kazaklar, süveterler, hırkalar, yelekler ve benzeri eşya (örme veya kroşe) / Yünden veya ince hayvan kıllarından / Yünden / Diğerleri / Erkekler ve erkek çocuklar için",61
611011900000,"Kazaklar, süveterler, hırkalar, yelekler ve benzeri eşya (örme veya kroşe) / Yünden veya ince hayvan kıllarından / Yünden / Diğerleri / Kadınlar ve kız çocuklar için",61
611012100000,"Kazaklar, süveterler, hırkalar, yelekler ve benzeri eşya (örme veya kroşe) / Yünden veya ince hayvan kıllarından / Kaşmir keçisinin kıllarından / Erkekler ve erkek çocuklar için",61
611012900000,"Kazaklar, süveterler, hırkalar, yelekler ve benzeri eşya (örme veya kroşe) / Yünden veya ince hayvan kıllarından / Kaşmir keçisinin kıllarından / Kadınlar ve kız çocuklar için",61
611019100000,"Kazaklar, süveterler, hırkalar, yelekler ve benzeri eşya (örme veya kroşe) / Yünden veya ince hayvan kıllarından / Diğerleri / Erkekler ve erkek çocuklar için",61
611019900000,"Kazaklar, süveterler, hırkalar, yelekler ve benzeri eşya (örme veya kroşe) / Yünden veya ince hayvan kıllarından / Diğerleri / Kadınlar ve kız çocuklar için",61
611020100000,"Kazaklar, süveterler, hırkalar, yelekler ve benzeri eşya (örme veya kroşe) / Pamuktan / Yuvarlak, balıkçı veya ""polo"" yakalı hafif ince örme kazak ve süveterler",61
611020910000,"Kazaklar, süveterler, hırkalar, yelekler ve benzeri eşya (örme veya kroşe) / Pamuktan / Diğerleri / Erkekler ve erkek çocuklar için",61
611020990000,"Kazaklar, süveterler, hırkalar, yelekler ve benzeri eşya (örme veya kroşe) / Pamuktan / Diğerleri / Kadınlar ve kız çocuklar için",61
611030100000,"Kazaklar, süveterler, hırkalar, yelekler ve benzeri eşya (örme veya kroşe) / Sentetik veya suni liflerden / Yuvarlak, balıkçı veya ""polo"" yakalı hafif ince örme kazak ve süveterler",61
611030910000,"Kazaklar, süveterler, hırkalar, yelekler ve benzeri eşya (örme veya kroşe) / Sentetik veya suni liflerden / Diğerleri / Erkekler ve erkek çocuklar için",61
611030990000,"Kazaklar, süveterler, hırkalar, yelekler ve benzeri eşya (örme veya kroşe) / Sentetik veya suni liflerden / Diğerleri / Kadınlar ve kız çocuklar için",61
611090100000,"Kazaklar, süveterler, hırkalar, yelekler ve benzeri eşya (örme veya kroşe) / Dokumaya elverişli diğer maddelerden / Keten ve ramiden",61
611090900000,"Kazaklar, süveterler, hırkalar, yelekler ve benzeri eşya (örme veya kroşe) / Dokumaya elverişli diğer maddelerden / Diğerleri",61
611120100000,Bebekler için giyim eşyası ve aksesuarı (örme veya kroşe) / Pamuktan / Eldivenler,61
611120900000,Bebekler için giyim eşyası ve aksesuarı (örme veya kroşe) / Pamuktan / Diğerleri,61
611130100000,Bebekler için giyim eşyası ve aksesuarı (örme veya kroşe) / Sentetik liflerden / Eldivenler,61
611130900000,Bebekler için giyim eşyası ve aksesuarı (örme veya kroşe) / Sentetik liflerden / Diğerleri,61
611190110000,Bebekler için giyim eşyası ve aksesuarı (örme veya kroşe) / Dokumaya elverişli diğer maddelerden / Yünden veya ince hayvan kıllarından / Eldivenler,61
611190190000,Bebekler için giyim eşyası ve aksesuarı (örme veya kroşe) / Dokumaya elverişli diğer maddelerden / Yünden veya ince hayvan kıllarından / Diğerleri,61
611190900000,Bebekler için giyim eşyası ve aksesuarı (örme veya kroşe) / Dokumaya elverişli diğer maddelerden / Diğerleri,61
611211000000,"Spor, kayak ve yüzme kıyafetIeri (örme veya kroşe) / Spor kıyafetleri / Pamuktan",61
611212000000,"Spor, kayak ve yüzme kıyafetIeri (örme veya kroşe) / Spor kıyafetleri / Sentetik liflerden",61
611219000011,"Spor, kayak ve yüzme kıyafetIeri (örme veya kroşe) / Spor kıyafetleri / Dokumaya elverişli diğer maddelerden / Suni liflerden",61
611219000012,"Spor, kayak ve yüzme kıyafetIeri (örme veya kroşe) / Spor kıyafetleri / Dokumaya elverişli diğer maddelerden / Yünden veya ince hayvan kıllarından",61
611219000019,"Spor, kayak ve yüzme kıyafetIeri (örme veya kroşe) / Spor kıyafetleri / Dokumaya elverişli diğer maddelerden / Diğerleri",61
611220000011,"Spor, kayak ve yüzme kıyafetIeri (örme veya kroşe) / Kayak kıyafetleri / Yünden veya ince hayvan kıllarından",61
611220000012,"Spor, kayak ve yüzme kıyafetIeri (örme veya kroşe) / Kayak kıyafetleri / Pamuktan",61
611220000013,"Spor, kayak ve yüzme kıyafetIeri (örme veya kroşe) / Kayak kıyafetleri / Suni veya sentetik liflerden",61
611220000019,"Spor, kayak ve yüzme kıyafetIeri (örme veya kroşe) / Kayak kıyafetleri / Dokumaya elverişli diğer maddelerden",61
611231100000,"Spor, kayak ve yüzme kıyafetIeri (örme veya kroşe) / Erkekler ve erkek çocuklar için yüzme kıyafetleri / Sentetik liflerden / Ağırlık itibariyle % 5 veya daha fazla kauçuk iplik içerenler",61
611231900000,"Spor, kayak ve yüzme kıyafetIeri (örme veya kroşe) / Erkekler ve erkek çocuklar için yüzme kıyafetleri / Sentetik liflerden / Diğerleri",61
611239100011,"Spor, kayak ve yüzme kıyafetIeri (örme veya kroşe) / Erkekler ve erkek çocuklar için yüzme kıyafetleri / Dokumaya elverişli diğer maddelerden / Ağırlık itibariyle % 5 veya daha fazla kauçuk iplik içerenler / Pamuktan",61
611239100019,"Spor, kayak ve yüzme kıyafetIeri (örme veya kroşe) / Erkekler ve erkek çocuklar için yüzme kıyafetleri / Dokumaya elverişli diğer maddelerden / Ağırlık itibariyle % 5 veya daha fazla kauçuk iplik içerenler / Dokumaya elverişli diğer maddelerden",61
611239900011,"Spor, kayak ve yüzme kıyafetIeri (örme veya kroşe) / Erkekler ve erkek çocuklar için yüzme kıyafetleri / Dokumaya elverişli diğer maddelerden / Diğerleri / Pamuktan",61
611239900019,"Spor, kayak ve yüzme kıyafetIeri (örme veya kroşe) / Erkekler ve erkek çocuklar için yüzme kıyafetleri / Dokumaya elverişli diğer maddelerden / Diğerleri / Dokumaya elverişli diğer maddelerden",61
611241100000,"Spor, kayak ve yüzme kıyafetIeri (örme veya kroşe) / Kadınlar ve kız çocuklar için yüzme kıyafetleri / Sentetik liflerden / Ağırlık itibariyle % 5 veya daha fazla kauçuk iplik içerenler",61
611241900000,"Spor, kayak ve yüzme kıyafetIeri (örme veya kroşe) / Kadınlar ve kız çocuklar için yüzme kıyafetleri / Sentetik liflerden / Diğerleri",61
611249100011,"Spor, kayak ve yüzme kıyafetIeri (örme veya kroşe) / Kadınlar ve kız çocuklar için yüzme kıyafetleri / Dokumaya elverişli diğer maddelerden / Ağırlık itibariyle % 5 veya daha fazla kauçuk iplik içerenler / Pamuktan",61
611249100019,"Spor, kayak ve yüzme kıyafetIeri (örme veya kroşe) / Kadınlar ve kız çocuklar için yüzme kıyafetleri / Dokumaya elverişli diğer maddelerden / Ağırlık itibariyle % 5 veya daha fazla kauçuk iplik içerenler / Dokumaya elverişli diğer maddelerden",61
611249900011,"Spor, kayak ve yüzme kıyafetIeri (örme veya kroşe) / Kadınlar ve kız çocuklar için yüzme kıyafetleri / Dokumaya elverişli diğer maddelerden / Diğerleri / Pamuktan",61
611249900019,"Spor, kayak ve yüzme kıyafetIeri (örme veya kroşe) / Kadınlar ve kız çocuklar için yüzme kıyafetleri / Dokumaya elverişli diğer maddelerden / Diğerleri / Dokumaya elverişli diğer maddelerden",61
611300100000,"59.03, 59.06 veya 59.07 Pozisyonlarındaki örme veya kroşe mensucattan yapılmış giyim eşyası / 59.06 Pozisyonundaki örme veya kroşe mensucattan yapılmış giyim eşyası",61
611300900000,"59.03, 59.06 veya 59.07 Pozisyonlarındaki örme veya kroşe mensucattan yapılmış giyim eşyası / Diğerleri",61
611420000000,Diğer giyim eşyası (örme veya kroşe) / Pamuktan,61
611430000011,Diğer giyim eşyası (örme veya kroşe) / Sentetik veya suni liflerden / Sentetik liflerden,61
611430000012,Diğer giyim eşyası (örme veya kroşe) / Sentetik veya suni liflerden / Suni liflerden,61
611490000000,Diğer giyim eşyası (örme veya kroşe) / Dokumaya elverişli diğer maddelerden,61
611510100000,"Külotlu çoraplar,taytlar, kısa ve uzun konçlu çoraplar, soketler, dereceli olarak baskı yapan çoraplar (örneğin varis çorapları) ve patik şeklinde çoraplar dahil (örme veya kroşe) / Dereceli olarak baskı yapan çoraplar (örneğin;varis çorapları) / Sentetik liflerden varis çorapları",61
611510900000,"Külotlu çoraplar,taytlar, kısa ve uzun konçlu çoraplar, soketler, dereceli olarak baskı yapan çoraplar (örneğin varis çorapları) ve patik şeklinde çoraplar dahil (örme veya kroşe) / Dereceli olarak baskı yapan çoraplar (örneğin;varis çorapları) / Diğerleri",61
611521000000,"Külotlu çoraplar,taytlar, kısa ve uzun konçlu çoraplar, soketler, dereceli olarak baskı yapan çoraplar (örneğin varis çorapları) ve patik şeklinde çoraplar dahil (örme veya kroşe) / Diğer külotlu çoraplar ve taytlar / Sentetik liflerden (tek katı 67 desiteksten az olanlar)",61
611522000000,"Külotlu çoraplar,taytlar, kısa ve uzun konçlu çoraplar, soketler, dereceli olarak baskı yapan çoraplar (örneğin varis çorapları) ve patik şeklinde çoraplar dahil (örme veya kroşe) / Diğer külotlu çoraplar ve taytlar / Sentetik liflerden (tek katı 67 desiteks veya daha fazla olanlar)",61
611529000011,"Külotlu çoraplar,taytlar, kısa ve uzun konçlu çoraplar, soketler, dereceli olarak baskı yapan çoraplar (örneğin varis çorapları) ve patik şeklinde çoraplar dahil (örme veya kroşe) / Diğer külotlu çoraplar ve taytlar / Dokumaya elverişli diğer maddelerden / Suni liflerden",61
611529000012,"Külotlu çoraplar,taytlar, kısa ve uzun konçlu çoraplar, soketler, dereceli olarak baskı yapan çoraplar (örneğin varis çorapları) ve patik şeklinde çoraplar dahil (örme veya kroşe) / Diğer külotlu çoraplar ve taytlar / Dokumaya elverişli diğer maddelerden / Pamuktan",61
611529000013,"Külotlu çoraplar,taytlar, kısa ve uzun konçlu çoraplar, soketler, dereceli olarak baskı yapan çoraplar (örneğin varis çorapları) ve patik şeklinde çoraplar dahil (örme veya kroşe) / Diğer külotlu çoraplar ve taytlar / Dokumaya elverişli diğer maddelerden / Yünden veya ince hayvan kıllarından",61
611529000019,"Külotlu çoraplar,taytlar, kısa ve uzun konçlu çoraplar, soketler, dereceli olarak baskı yapan çoraplar (örneğin varis çorapları) ve patik şeklinde çoraplar dahil (örme veya kroşe) / Diğer külotlu çoraplar ve taytlar / Dokumaya elverişli diğer maddelerden / Diğerleri",61
611530110000,"Külotlu çoraplar,taytlar, kısa ve uzun konçlu çoraplar, soketler, dereceli olarak baskı yapan çoraplar (örneğin varis çorapları) ve patik şeklinde çoraplar dahil (örme veya kroşe) / Kadınlar için uzun veya diz altı çorapları (tek katı 67 desiteksten az olanlar) / Sentetik liflerden / Diz altı çorapları",61
611530190000,"Külotlu çoraplar,taytlar, kısa ve uzun konçlu çoraplar, soketler, dereceli olarak baskı yapan çoraplar (örneğin varis çorapları) ve patik şeklinde çoraplar dahil (örme veya kroşe) / Kadınlar için uzun veya diz altı çorapları (tek katı 67 desiteksten az olanlar) / Sentetik liflerden / Diğerleri",61
611530900011,"Külotlu çoraplar,taytlar, kısa ve uzun konçlu çoraplar, soketler, dereceli olarak baskı yapan çoraplar (örneğin varis çorapları) ve patik şeklinde çoraplar dahil (örme veya kroşe) / Kadınlar için uzun veya diz altı çorapları (tek katı 67 desiteksten az olanlar) / Dokumaya elverişli diğer maddelerden / Diz altı çorapları",61
611530900019,"Külotlu çoraplar,taytlar, kısa ve uzun konçlu çoraplar, soketler, dereceli olarak baskı yapan çoraplar (örneğin varis çorapları) ve patik şeklinde çoraplar dahil (örme veya kroşe) / Kadınlar için uzun veya diz altı çorapları (tek katı 67 desiteksten az olanlar) / Dokumaya elverişli diğer maddelerden / Diğerleri",61
611594000000,"Külotlu çoraplar,taytlar, kısa ve uzun konçlu çoraplar, soketler, dereceli olarak baskı yapan çoraplar (örneğin varis çorapları) ve patik şeklinde çoraplar dahil (örme veya kroşe) / Diğerleri / Yünden veya ince hayvan kıllarından",61
611595000000,"Külotlu çoraplar,taytlar, kısa ve uzun konçlu çoraplar, soketler, dereceli olarak baskı yapan çoraplar (örneğin varis çorapları) ve patik şeklinde çoraplar dahil (örme veya kroşe) / Diğerleri / Pamuktan",61
611596100000,"Külotlu çoraplar,taytlar, kısa ve uzun konçlu çoraplar, soketler, dereceli olarak baskı yapan çoraplar (örneğin varis çorapları) ve patik şeklinde çoraplar dahil (örme veya kroşe) / Diğerleri / Sentetik liflerden / Diz altı çorapları (varis çorapları hariç)",61
611596910000,"Külotlu çoraplar,taytlar, kısa ve uzun konçlu çoraplar, soketler, dereceli olarak baskı yapan çoraplar (örneğin varis çorapları) ve patik şeklinde çoraplar dahil (örme veya kroşe) / Diğerleri / Sentetik liflerden / Diğerleri / Kadın çorapları",61
611596990000,"Külotlu çoraplar,taytlar, kısa ve uzun konçlu çoraplar, soketler, dereceli olarak baskı yapan çoraplar (örneğin varis çorapları) ve patik şeklinde çoraplar dahil (örme veya kroşe) / Diğerleri / Sentetik liflerden / Diğerleri / Diğerlerİ",61
611599000000,"Külotlu çoraplar,taytlar, kısa ve uzun konçlu çoraplar, soketler, dereceli olarak baskı yapan çoraplar (örneğin varis çorapları) ve patik şeklinde çoraplar dahil (örme veya kroşe) / Diğerleri / Dokumaya elverişli diğer maddelerden",61
611610200000,"Eldivenler, tek parmaklı eldivenler ve parmaksız eldivenler (örme veya kroşe) / Plastik veya kauçuk emdirilmiş, sıvanmış, kaplanmış veya lamine edilmiş olanlar / Kauçuk emdirilmiş, sıvanmış, kaplanmış veya lamine edilmiş eldivenler",61
611610800000,"Eldivenler, tek parmaklı eldivenler ve parmaksız eldivenler (örme veya kroşe) / Plastik veya kauçuk emdirilmiş, sıvanmış, kaplanmış veya lamine edilmiş olanlar / Diğerleri",61
611691000000,"Eldivenler, tek parmaklı eldivenler ve parmaksız eldivenler (örme veya kroşe) / Diğerleri / Yünden veya ince hayvan kıllarından",61
611692000000,"Eldivenler, tek parmaklı eldivenler ve parmaksız eldivenler (örme veya kroşe) / Diğerleri / Pamuktan",61
611693000000,"Eldivenler, tek parmaklı eldivenler ve parmaksız eldivenler (örme veya kroşe) / Diğerleri / Sentetik liflerden",61
611699000000,"Eldivenler, tek parmaklı eldivenler ve parmaksız eldivenler (örme veya kroşe) / Diğerleri / Dokumaya elverişli diğer maddelerden",61
611710000000,"Giyim eşyasının diğer aksesuarı (örme veya kroşe) ; giyim eşyasının veya giyim eşyası aksesuarının parçaları (örme veya kroşe) / Şallar, eşarplar, boyun atkıları, kaşkollar, peçeler, duvaklar ve benzeri eşya",61
611780101100,"Giyim eşyasının diğer aksesuarı (örme veya kroşe) ; giyim eşyasının veya giyim eşyası aksesuarının parçaları (örme veya kroşe) / Diğer aksesuar / Örme veya kroşe, elastiki veya kauçuklu olanlar / Dizlikler",61
611780101900,"Giyim eşyasının diğer aksesuarı (örme veya kroşe) ; giyim eşyasının veya giyim eşyası aksesuarının parçaları (örme veya kroşe) / Diğer aksesuar / Örme veya kroşe, elastiki veya kauçuklu olanlar / Diğerleri",61
611780800000,Giyim eşyasının diğer aksesuarı (örme veya kroşe) ; giyim eşyasının veya giyim eşyası aksesuarının parçaları (örme veya kroşe) / Diğer aksesuar / Diğerleri,61
611790000000,Giyim eşyasının diğer aksesuarı (örme veya kroşe) ; giyim eşyasının veya giyim eşyası aksesuarının parçaları (örme veya kroşe) / Parçalar,61
620120000000,"Erkekler veya erkek çocuklar için paltolar, kabanlar, kolsuz ceketler, pelerinler, anoraklar (kayak ceketleri dahil), rüzgarlıklar ve benzeri eşya (62.03 pozisyonundakiler hariç) / Yünden veya ince hayvan kıllarından",62
620130100011,"Erkekler veya erkek çocuklar için paltolar, kabanlar, kolsuz ceketler, pelerinler, anoraklar (kayak ceketleri dahil), rüzgarlıklar ve benzeri eşya (62.03 pozisyonundakiler hariç) / Pamuktan / Herbirinin ağırlığı 1 kg. ı geçmeyen giyim eşyası / Paltolar",62
620130100012,"Erkekler veya erkek çocuklar için paltolar, kabanlar, kolsuz ceketler, pelerinler, anoraklar (kayak ceketleri dahil), rüzgarlıklar ve benzeri eşya (62.03 pozisyonundakiler hariç) / Pamuktan / Herbirinin ağırlığı 1 kg. ı geçmeyen giyim eşyası / Yağmurluklar",62
620130100013,"Erkekler veya erkek çocuklar için paltolar, kabanlar, kolsuz ceketler, pelerinler, anoraklar (kayak ceketleri dahil), rüzgarlıklar ve benzeri eşya (62.03 pozisyonundakiler hariç) / Pamuktan / Herbirinin ağırlığı 1 kg. ı geçmeyen giyim eşyası / Kabanlar",62
620130100014,"Erkekler veya erkek çocuklar için paltolar, kabanlar, kolsuz ceketler, pelerinler, anoraklar (kayak ceketleri dahil), rüzgarlıklar ve benzeri eşya (62.03 pozisyonundakiler hariç) / Pamuktan / Herbirinin ağırlığı 1 kg. ı geçmeyen giyim eşyası / Kolsuz ceketler",62
620130100015,"Erkekler veya erkek çocuklar için paltolar, kabanlar, kolsuz ceketler, pelerinler, anoraklar (kayak ceketleri dahil), rüzgarlıklar ve benzeri eşya (62.03 pozisyonundakiler hariç) / Pamuktan / Herbirinin ağırlığı 1 kg. ı geçmeyen giyim eşyası / Pelerinler",62
620130100016,"Erkekler veya erkek çocuklar için paltolar, kabanlar, kolsuz ceketler, pelerinler, anoraklar (kayak ceketleri dahil), rüzgarlıklar ve benzeri eşya (62.03 pozisyonundakiler hariç) / Pamuktan / Herbirinin ağırlığı 1 kg. ı geçmeyen giyim eşyası / Parkalar",62
620130100019,"Erkekler veya erkek çocuklar için paltolar, kabanlar, kolsuz ceketler, pelerinler, anoraklar (kayak ceketleri dahil), rüzgarlıklar ve benzeri eşya (62.03 pozisyonundakiler hariç) / Pamuktan / Herbirinin ağırlığı 1 kg. ı geçmeyen giyim eşyası / Diğerleri",62
620130900011,"Erkekler veya erkek çocuklar için paltolar, kabanlar, kolsuz ceketler, pelerinler, anoraklar (kayak ceketleri dahil), rüzgarlıklar ve benzeri eşya (62.03 pozisyonundakiler hariç) / Pamuktan / Herbirinin ağırlığı 1 kg. ı geçen giyim eşyası / Paltolar",62
620130900012,"Erkekler veya erkek çocuklar için paltolar, kabanlar, kolsuz ceketler, pelerinler, anoraklar (kayak ceketleri dahil), rüzgarlıklar ve benzeri eşya (62.03 pozisyonundakiler hariç) / Pamuktan / Herbirinin ağırlığı 1 kg. ı geçen giyim eşyası / Yağmurluklar",62
620130900013,"Erkekler veya erkek çocuklar için paltolar, kabanlar, kolsuz ceketler, pelerinler, anoraklar (kayak ceketleri dahil), rüzgarlıklar ve benzeri eşya (62.03 pozisyonundakiler hariç) / Pamuktan / Herbirinin ağırlığı 1 kg. ı geçen giyim eşyası / Kabanlar",62
620130900014,"Erkekler veya erkek çocuklar için paltolar, kabanlar, kolsuz ceketler, pelerinler, anoraklar (kayak ceketleri dahil), rüzgarlıklar ve benzeri eşya (62.03 pozisyonundakiler hariç) / Pamuktan / Herbirinin ağırlığı 1 kg. ı geçen giyim eşyası / Kolsuz ceketler",62
620130900015,"Erkekler veya erkek çocuklar için paltolar, kabanlar, kolsuz ceketler, pelerinler, anoraklar (kayak ceketleri dahil), rüzgarlıklar ve benzeri eşya (62.03 pozisyonundakiler hariç) / Pamuktan / Herbirinin ağırlığı 1 kg. ı geçen giyim eşyası / Pelerinler",62
620130900016,"Erkekler veya erkek çocuklar için paltolar, kabanlar, kolsuz ceketler, pelerinler, anoraklar (kayak ceketleri dahil), rüzgarlıklar ve benzeri eşya (62.03 pozisyonundakiler hariç) / Pamuktan / Herbirinin ağırlığı 1 kg. ı geçen giyim eşyası / Parkalar",62
620130900019,"Erkekler veya erkek çocuklar için paltolar, kabanlar, kolsuz ceketler, pelerinler, anoraklar (kayak ceketleri dahil), rüzgarlıklar ve benzeri eşya (62.03 pozisyonundakiler hariç) / Pamuktan / Herbirinin ağırlığı 1 kg. ı geçen giyim eşyası / Diğerleri",62
620140100011,"Erkekler veya erkek çocuklar için paltolar, kabanlar, kolsuz ceketler, pelerinler, anoraklar (kayak ceketleri dahil), rüzgarlıklar ve benzeri eşya (62.03 pozisyonundakiler hariç) / Sentetik veya suni liflerden / Herbirinin ağırlığı 1 kg. ı geçmeyen giyim eşyası / Paltolar",62
620140100012,"Erkekler veya erkek çocuklar için paltolar, kabanlar, kolsuz ceketler, pelerinler, anoraklar (kayak ceketleri dahil), rüzgarlıklar ve benzeri eşya (62.03 pozisyonundakiler hariç) / Sentetik veya suni liflerden / Herbirinin ağırlığı 1 kg. ı geçmeyen giyim eşyası / Yağmurluklar",62
620140100013,"Erkekler veya erkek çocuklar için paltolar, kabanlar, kolsuz ceketler, pelerinler, anoraklar (kayak ceketleri dahil), rüzgarlıklar ve benzeri eşya (62.03 pozisyonundakiler hariç) / Sentetik veya suni liflerden / Herbirinin ağırlığı 1 kg. ı geçmeyen giyim eşyası / Kabanlar",62
620140100014,"Erkekler veya erkek çocuklar için paltolar, kabanlar, kolsuz ceketler, pelerinler, anoraklar (kayak ceketleri dahil), rüzgarlıklar ve benzeri eşya (62.03 pozisyonundakiler hariç) / Sentetik veya suni liflerden / Herbirinin ağırlığı 1 kg. ı geçmeyen giyim eşyası / Kolsuz ceketler",62
620140100015,"Erkekler veya erkek çocuklar için paltolar, kabanlar, kolsuz ceketler, pelerinler, anoraklar (kayak ceketleri dahil), rüzgarlıklar ve benzeri eşya (62.03 pozisyonundakiler hariç) / Sentetik veya suni liflerden / Herbirinin ağırlığı 1 kg. ı geçmeyen giyim eşyası / Pelerinler",62
620140100016,"Erkekler veya erkek çocuklar için paltolar, kabanlar, kolsuz ceketler, pelerinler, anoraklar (kayak ceketleri dahil), rüzgarlıklar ve benzeri eşya (62.03 pozisyonundakiler hariç) / Sentetik veya suni liflerden / Herbirinin ağırlığı 1 kg. ı geçmeyen giyim eşyası / Parkalar",62
620140100019,"Erkekler veya erkek çocuklar için paltolar, kabanlar, kolsuz ceketler, pelerinler, anoraklar (kayak ceketleri dahil), rüzgarlıklar ve benzeri eşya (62.03 pozisyonundakiler hariç) / Sentetik veya suni liflerden / Herbirinin ağırlığı 1 kg. ı geçmeyen giyim eşyası / Diğerleri",62
620140900011,"Erkekler veya erkek çocuklar için paltolar, kabanlar, kolsuz ceketler, pelerinler, anoraklar (kayak ceketleri dahil), rüzgarlıklar ve benzeri eşya (62.03 pozisyonundakiler hariç) / Sentetik veya suni liflerden / Herbirinin ağırlığı 1 kg. ı geçen giyim eşyası / Paltolar",62
620140900012,"Erkekler veya erkek çocuklar için paltolar, kabanlar, kolsuz ceketler, pelerinler, anoraklar (kayak ceketleri dahil), rüzgarlıklar ve benzeri eşya (62.03 pozisyonundakiler hariç) / Sentetik veya suni liflerden / Herbirinin ağırlığı 1 kg. ı geçen giyim eşyası / Yağmurluklar",62
620140900013,"Erkekler veya erkek çocuklar için paltolar, kabanlar, kolsuz ceketler, pelerinler, anoraklar (kayak ceketleri dahil), rüzgarlıklar ve benzeri eşya (62.03 pozisyonundakiler hariç) / Sentetik veya suni liflerden / Herbirinin ağırlığı 1 kg. ı geçen giyim eşyası / Kabanlar",62
620140900014,"Erkekler veya erkek çocuklar için paltolar, kabanlar, kolsuz ceketler, pelerinler, anoraklar (kayak ceketleri dahil), rüzgarlıklar ve benzeri eşya (62.03 pozisyonundakiler hariç) / Sentetik veya suni liflerden / Herbirinin ağırlığı 1 kg. ı geçen giyim eşyası / Kolsuz ceketler",62
620140900015,"Erkekler veya erkek çocuklar için paltolar, kabanlar, kolsuz ceketler, pelerinler, anoraklar (kayak ceketleri dahil), rüzgarlıklar ve benzeri eşya (62.03 pozisyonundakiler hariç) / Sentetik veya suni liflerden / Herbirinin ağırlığı 1 kg. ı geçen giyim eşyası / Pelerinler",62
620140900016,"Erkekler veya erkek çocuklar için paltolar, kabanlar, kolsuz ceketler, pelerinler, anoraklar (kayak ceketleri dahil), rüzgarlıklar ve benzeri eşya (62.03 pozisyonundakiler hariç) / Sentetik veya suni liflerden / Herbirinin ağırlığı 1 kg. ı geçen giyim eşyası / Parkalar",62
620140900019,"Erkekler veya erkek çocuklar için paltolar, kabanlar, kolsuz ceketler, pelerinler, anoraklar (kayak ceketleri dahil), rüzgarlıklar ve benzeri eşya (62.03 pozisyonundakiler hariç) / Sentetik veya suni liflerden / Herbirinin ağırlığı 1 kg. ı geçen giyim eşyası / Diğerleri",62
620190000000,"Erkekler veya erkek çocuklar için paltolar, kabanlar, kolsuz ceketler, pelerinler, anoraklar (kayak ceketleri dahil), rüzgarlıklar ve benzeri eşya (62.03 pozisyonundakiler hariç) / Dokumaya elverişli diğer maddelerden",62
620220000000,"Kadın ve kız çocuklar için mantolar, kabanlar, kolsuz ceketler, pelerinler, anoraklar (kayak ceketleri dahil), rüzgarlıklar ve benzeri eşya (62.04 pozisyonundakiler hariç) / Yünden veya ince hayvan kıllarından",62
620230100011,"Kadın ve kız çocuklar için mantolar, kabanlar, kolsuz ceketler, pelerinler, anoraklar (kayak ceketleri dahil), rüzgarlıklar ve benzeri eşya (62.04 pozisyonundakiler hariç) / Pamuktan / Herbirinin ağırlığı 1 kg. ı geçmeyen giyim eşyası / Mantolar",62
620230100012,"Kadın ve kız çocuklar için mantolar, kabanlar, kolsuz ceketler, pelerinler, anoraklar (kayak ceketleri dahil), rüzgarlıklar ve benzeri eşya (62.04 pozisyonundakiler hariç) / Pamuktan / Herbirinin ağırlığı 1 kg. ı geçmeyen giyim eşyası / Yağmurluklar",62
620230100013,"Kadın ve kız çocuklar için mantolar, kabanlar, kolsuz ceketler, pelerinler, anoraklar (kayak ceketleri dahil), rüzgarlıklar ve benzeri eşya (62.04 pozisyonundakiler hariç) / Pamuktan / Herbirinin ağırlığı 1 kg. ı geçmeyen giyim eşyası / Kabanlar",62
620230100014,"Kadın ve kız çocuklar için mantolar, kabanlar, kolsuz ceketler, pelerinler, anoraklar (kayak ceketleri dahil), rüzgarlıklar ve benzeri eşya (62.04 pozisyonundakiler hariç) / Pamuktan / Herbirinin ağırlığı 1 kg. ı geçmeyen giyim eşyası / Kolsuz ceketler",62
620230100015,"Kadın ve kız çocuklar için mantolar, kabanlar, kolsuz ceketler, pelerinler, anoraklar (kayak ceketleri dahil), rüzgarlıklar ve benzeri eşya (62.04 pozisyonundakiler hariç) / Pamuktan / Herbirinin ağırlığı 1 kg. ı geçmeyen giyim eşyası / Pelerinler",62
620230100016,"Kadın ve kız çocuklar için mantolar, kabanlar, kolsuz ceketler, pelerinler, anoraklar (kayak ceketleri dahil), rüzgarlıklar ve benzeri eşya (62.04 pozisyonundakiler hariç) / Pamuktan / Herbirinin ağırlığı 1 kg. ı geçmeyen giyim eşyası / Parkalar",62
620230100019,"Kadın ve kız çocuklar için mantolar, kabanlar, kolsuz ceketler, pelerinler, anoraklar (kayak ceketleri dahil), rüzgarlıklar ve benzeri eşya (62.04 pozisyonundakiler hariç) / Pamuktan / Herbirinin ağırlığı 1 kg. ı geçmeyen giyim eşyası / Diğerleri",62
620230900011,"Kadın ve kız çocuklar için mantolar, kabanlar, kolsuz ceketler, pelerinler, anoraklar (kayak ceketleri dahil), rüzgarlıklar ve benzeri eşya (62.04 pozisyonundakiler hariç) / Pamuktan / Herbirinin ağırlığı 1 kg. ı geçen giyim eşyası / Mantolar",62
620230900012,"Kadın ve kız çocuklar için mantolar, kabanlar, kolsuz ceketler, pelerinler, anoraklar (kayak ceketleri dahil), rüzgarlıklar ve benzeri eşya (62.04 pozisyonundakiler hariç) / Pamuktan / Herbirinin ağırlığı 1 kg. ı geçen giyim eşyası / Yağmurluklar",62
620230900013,"Kadın ve kız çocuklar için mantolar, kabanlar, kolsuz ceketler, pelerinler, anoraklar (kayak ceketleri dahil), rüzgarlıklar ve benzeri eşya (62.04 pozisyonundakiler hariç) / Pamuktan / Herbirinin ağırlığı 1 kg. ı geçen giyim eşyası / Kabanlar",62
620230900014,"Kadın ve kız çocuklar için mantolar, kabanlar, kolsuz ceketler, pelerinler, anoraklar (kayak ceketleri dahil), rüzgarlıklar ve benzeri eşya (62.04 pozisyonundakiler hariç) / Pamuktan / Herbirinin ağırlığı 1 kg. ı geçen giyim eşyası / Kolsuz ceketler",62
620230900015,"Kadın ve kız çocuklar için mantolar, kabanlar, kolsuz ceketler, pelerinler, anoraklar (kayak ceketleri dahil), rüzgarlıklar ve benzeri eşya (62.04 pozisyonundakiler hariç) / Pamuktan / Herbirinin ağırlığı 1 kg. ı geçen giyim eşyası / Pelerinler",62
620230900016,"Kadın ve kız çocuklar için mantolar, kabanlar, kolsuz ceketler, pelerinler, anoraklar (kayak ceketleri dahil), rüzgarlıklar ve benzeri eşya (62.04 pozisyonundakiler hariç) / Pamuktan / Herbirinin ağırlığı 1 kg. ı geçen giyim eşyası / Parkalar",62
620230900019,"Kadın ve kız çocuklar için mantolar, kabanlar, kolsuz ceketler, pelerinler, anoraklar (kayak ceketleri dahil), rüzgarlıklar ve benzeri eşya (62.04 pozisyonundakiler hariç) / Pamuktan / Herbirinin ağırlığı 1 kg. ı geçen giyim eşyası / Diğerleri",62
620240100011,"Kadın ve kız çocuklar için mantolar, kabanlar, kolsuz ceketler, pelerinler, anoraklar (kayak ceketleri dahil), rüzgarlıklar ve benzeri eşya (62.04 pozisyonundakiler hariç) / Sentetik veya suni liflerden / Herbirinin ağırlığı 1 kg.ı geçmeyen giyim eşyası / Mantolar",62
620240100012,"Kadın ve kız çocuklar için mantolar, kabanlar, kolsuz ceketler, pelerinler, anoraklar (kayak ceketleri dahil), rüzgarlıklar ve benzeri eşya (62.04 pozisyonundakiler hariç) / Sentetik veya suni liflerden / Herbirinin ağırlığı 1 kg.ı geçmeyen giyim eşyası / Yağmurluklar",62
620240100013,"Kadın ve kız çocuklar için mantolar, kabanlar, kolsuz ceketler, pelerinler, anoraklar (kayak ceketleri dahil), rüzgarlıklar ve benzeri eşya (62.04 pozisyonundakiler hariç) / Sentetik veya suni liflerden / Herbirinin ağırlığı 1 kg.ı geçmeyen giyim eşyası / Kabanlar",62
620240100014,"Kadın ve kız çocuklar için mantolar, kabanlar, kolsuz ceketler, pelerinler, anoraklar (kayak ceketleri dahil), rüzgarlıklar ve benzeri eşya (62.04 pozisyonundakiler hariç) / Sentetik veya suni liflerden / Herbirinin ağırlığı 1 kg.ı geçmeyen giyim eşyası / Kolsuz ceketler",62
620240100015,"Kadın ve kız çocuklar için mantolar, kabanlar, kolsuz ceketler, pelerinler, anoraklar (kayak ceketleri dahil), rüzgarlıklar ve benzeri eşya (62.04 pozisyonundakiler hariç) / Sentetik veya suni liflerden / Herbirinin ağırlığı 1 kg.ı geçmeyen giyim eşyası / Pelerinler",62
620240100016,"Kadın ve kız çocuklar için mantolar, kabanlar, kolsuz ceketler, pelerinler, anoraklar (kayak ceketleri dahil), rüzgarlıklar ve benzeri eşya (62.04 pozisyonundakiler hariç) / Sentetik veya suni liflerden / Herbirinin ağırlığı 1 kg.ı geçmeyen giyim eşyası / Parkalar",62
620240100019,"Kadın ve kız çocuklar için mantolar, kabanlar, kolsuz ceketler, pelerinler, anoraklar (kayak ceketleri dahil), rüzgarlıklar ve benzeri eşya (62.04 pozisyonundakiler hariç) / Sentetik veya suni liflerden / Herbirinin ağırlığı 1 kg.ı geçmeyen giyim eşyası / Diğerleri",62
620240900011,"Kadın ve kız çocuklar için mantolar, kabanlar, kolsuz ceketler, pelerinler, anoraklar (kayak ceketleri dahil), rüzgarlıklar ve benzeri eşya (62.04 pozisyonundakiler hariç) / Sentetik veya suni liflerden / Herbirinin ağırlığı 1 kg. ı geçen giyim eşyası / Mantolar",62
620240900012,"Kadın ve kız çocuklar için mantolar, kabanlar, kolsuz ceketler, pelerinler, anoraklar (kayak ceketleri dahil), rüzgarlıklar ve benzeri eşya (62.04 pozisyonundakiler hariç) / Sentetik veya suni liflerden / Herbirinin ağırlığı 1 kg. ı geçen giyim eşyası / Yağmurluklar",62
620240900013,"Kadın ve kız çocuklar için mantolar, kabanlar, kolsuz ceketler, pelerinler, anoraklar (kayak ceketleri dahil), rüzgarlıklar ve benzeri eşya (62.04 pozisyonundakiler hariç) / Sentetik veya suni liflerden / Herbirinin ağırlığı 1 kg. ı geçen giyim eşyası / Kabanlar",62
620240900014,"Kadın ve kız çocuklar için mantolar, kabanlar, kolsuz ceketler, pelerinler, anoraklar (kayak ceketleri dahil), rüzgarlıklar ve benzeri eşya (62.04 pozisyonundakiler hariç) / Sentetik veya suni liflerden / Herbirinin ağırlığı 1 kg. ı geçen giyim eşyası / Kolsuz ceketler",62
620240900015,"Kadın ve kız çocuklar için mantolar, kabanlar, kolsuz ceketler, pelerinler, anoraklar (kayak ceketleri dahil), rüzgarlıklar ve benzeri eşya (62.04 pozisyonundakiler hariç) / Sentetik veya suni liflerden / Herbirinin ağırlığı 1 kg. ı geçen giyim eşyası / Pelerinler",62
620240900016,"Kadın ve kız çocuklar için mantolar, kabanlar, kolsuz ceketler, pelerinler, anoraklar (kayak ceketleri dahil), rüzgarlıklar ve benzeri eşya (62.04 pozisyonundakiler hariç) / Sentetik veya suni liflerden / Herbirinin ağırlığı 1 kg. ı geçen giyim eşyası / Parkalar",62
620240900019,"Kadın ve kız çocuklar için mantolar, kabanlar, kolsuz ceketler, pelerinler, anoraklar (kayak ceketleri dahil), rüzgarlıklar ve benzeri eşya (62.04 pozisyonundakiler hariç) / Sentetik veya suni liflerden / Herbirinin ağırlığı 1 kg. ı geçen giyim eşyası / Diğerleri",62
620290000011,"Kadın ve kız çocuklar için mantolar, kabanlar, kolsuz ceketler, pelerinler, anoraklar (kayak ceketleri dahil), rüzgarlıklar ve benzeri eşya (62.04 pozisyonundakiler hariç) / Dokumaya elverişli diğer maddelerden / Mantolar",62
620290000012,"Kadın ve kız çocuklar için mantolar, kabanlar, kolsuz ceketler, pelerinler, anoraklar (kayak ceketleri dahil), rüzgarlıklar ve benzeri eşya (62.04 pozisyonundakiler hariç) / Dokumaya elverişli diğer maddelerden / Yağmurluklar",62
620290000013,"Kadın ve kız çocuklar için mantolar, kabanlar, kolsuz ceketler, pelerinler, anoraklar (kayak ceketleri dahil), rüzgarlıklar ve benzeri eşya (62.04 pozisyonundakiler hariç) / Dokumaya elverişli diğer maddelerden / Kabanlar",62
620290000014,"Kadın ve kız çocuklar için mantolar, kabanlar, kolsuz ceketler, pelerinler, anoraklar (kayak ceketleri dahil), rüzgarlıklar ve benzeri eşya (62.04 pozisyonundakiler hariç) / Dokumaya elverişli diğer maddelerden / Kolsuz ceketler",62
620290000015,"Kadın ve kız çocuklar için mantolar, kabanlar, kolsuz ceketler, pelerinler, anoraklar (kayak ceketleri dahil), rüzgarlıklar ve benzeri eşya (62.04 pozisyonundakiler hariç) / Dokumaya elverişli diğer maddelerden / Pelerinler",62
620290000019,"Kadın ve kız çocuklar için mantolar, kabanlar, kolsuz ceketler, pelerinler, anoraklar (kayak ceketleri dahil), rüzgarlıklar ve benzeri eşya (62.04 pozisyonundakiler hariç) / Dokumaya elverişli diğer maddelerden / Diğerleri",62
620311000000,"Erkekler ve erkek çocuklar için takım elbiseler, takımlar, ceketler, blazerler, pantolonlar, askılı ve üst ön parçalı tulumlar, kısa pantolonlar ve şortlar (yüzme kıyafeti hariç) / Takım elbiseler / Yünden veya ince hayvan kıllarından",62
620312000000,"Erkekler ve erkek çocuklar için takım elbiseler, takımlar, ceketler, blazerler, pantolonlar, askılı ve üst ön parçalı tulumlar, kısa pantolonlar ve şortlar (yüzme kıyafeti hariç) / Takım elbiseler / Sentetik liflerden",62
620319100000,"Erkekler ve erkek çocuklar için takım elbiseler, takımlar, ceketler, blazerler, pantolonlar, askılı ve üst ön parçalı tulumlar, kısa pantolonlar ve şortlar (yüzme kıyafeti hariç) / Takım elbiseler / Dokumaya elverişli diğer maddelerden / Pamuktan",62
620319300000,"Erkekler ve erkek çocuklar için takım elbiseler, takımlar, ceketler, blazerler, pantolonlar, askılı ve üst ön parçalı tulumlar, kısa pantolonlar ve şortlar (yüzme kıyafeti hariç) / Takım elbiseler / Dokumaya elverişli diğer maddelerden / Suni liflerden",62
620319900000,"Erkekler ve erkek çocuklar için takım elbiseler, takımlar, ceketler, blazerler, pantolonlar, askılı ve üst ön parçalı tulumlar, kısa pantolonlar ve şortlar (yüzme kıyafeti hariç) / Takım elbiseler / Dokumaya elverişli diğer maddelerden / Diğerleri",62
620322100000,"Erkekler ve erkek çocuklar için takım elbiseler, takımlar, ceketler, blazerler, pantolonlar, askılı ve üst ön parçalı tulumlar, kısa pantolonlar ve şortlar (yüzme kıyafeti hariç) / Takımlar / Pamuktan / Mesleki kıyafetler",62
620322800000,"Erkekler ve erkek çocuklar için takım elbiseler, takımlar, ceketler, blazerler, pantolonlar, askılı ve üst ön parçalı tulumlar, kısa pantolonlar ve şortlar (yüzme kıyafeti hariç) / Takımlar / Pamuktan / Diğerleri",62
620323100000,"Erkekler ve erkek çocuklar için takım elbiseler, takımlar, ceketler, blazerler, pantolonlar, askılı ve üst ön parçalı tulumlar, kısa pantolonlar ve şortlar (yüzme kıyafeti hariç) / Takımlar / Sentetik liflerden / Mesleki kıyafetler",62
620323800000,"Erkekler ve erkek çocuklar için takım elbiseler, takımlar, ceketler, blazerler, pantolonlar, askılı ve üst ön parçalı tulumlar, kısa pantolonlar ve şortlar (yüzme kıyafeti hariç) / Takımlar / Sentetik liflerden / Diğerleri",62
620329110000,"Erkekler ve erkek çocuklar için takım elbiseler, takımlar, ceketler, blazerler, pantolonlar, askılı ve üst ön parçalı tulumlar, kısa pantolonlar ve şortlar (yüzme kıyafeti hariç) / Takımlar / Dokumaya elverişli diğer maddelerden / Suni liflerden / Mesleki kıyafetler",62
620329180000,"Erkekler ve erkek çocuklar için takım elbiseler, takımlar, ceketler, blazerler, pantolonlar, askılı ve üst ön parçalı tulumlar, kısa pantolonlar ve şortlar (yüzme kıyafeti hariç) / Takımlar / Dokumaya elverişli diğer maddelerden / Suni liflerden / Diğerleri",62
620329300000,"Erkekler ve erkek çocuklar için takım elbiseler, takımlar, ceketler, blazerler, pantolonlar, askılı ve üst ön parçalı tulumlar, kısa pantolonlar ve şortlar (yüzme kıyafeti hariç) / Takımlar / Dokumaya elverişli diğer maddelerden / Yünden veya ince hayvan kıllarından",62
620329900011,"Erkekler ve erkek çocuklar için takım elbiseler, takımlar, ceketler, blazerler, pantolonlar, askılı ve üst ön parçalı tulumlar, kısa pantolonlar ve şortlar (yüzme kıyafeti hariç) / Takımlar / Dokumaya elverişli diğer maddelerden / Diğerleri / Mesleki kıyafetler",62
620329900019,"Erkekler ve erkek çocuklar için takım elbiseler, takımlar, ceketler, blazerler, pantolonlar, askılı ve üst ön parçalı tulumlar, kısa pantolonlar ve şortlar (yüzme kıyafeti hariç) / Takımlar / Dokumaya elverişli diğer maddelerden / Diğerleri / Diğerleri",62
620331000000,"Erkekler ve erkek çocuklar için takım elbiseler, takımlar, ceketler, blazerler, pantolonlar, askılı ve üst ön parçalı tulumlar, kısa pantolonlar ve şortlar (yüzme kıyafeti hariç) / Ceketler ve blazerler / Yünden veya ince hayvan kıllarından",62
620332100000,"Erkekler ve erkek çocuklar için takım elbiseler, takımlar, ceketler, blazerler, pantolonlar, askılı ve üst ön parçalı tulumlar, kısa pantolonlar ve şortlar (yüzme kıyafeti hariç) / Ceketler ve blazerler / Pamuktan / Mesleki kıyafetler",62
620332900000,"Erkekler ve erkek çocuklar için takım elbiseler, takımlar, ceketler, blazerler, pantolonlar, askılı ve üst ön parçalı tulumlar, kısa pantolonlar ve şortlar (yüzme kıyafeti hariç) / Ceketler ve blazerler / Pamuktan / Diğerleri",62
620333100000,"Erkekler ve erkek çocuklar için takım elbiseler, takımlar, ceketler, blazerler, pantolonlar, askılı ve üst ön parçalı tulumlar, kısa pantolonlar ve şortlar (yüzme kıyafeti hariç) / Ceketler ve blazerler / Sentetik liflerden / Mesleki kıyafetler",62
620333900000,"Erkekler ve erkek çocuklar için takım elbiseler, takımlar, ceketler, blazerler, pantolonlar, askılı ve üst ön parçalı tulumlar, kısa pantolonlar ve şortlar (yüzme kıyafeti hariç) / Ceketler ve blazerler / Sentetik liflerden / Diğerleri",62
620339110000,"Erkekler ve erkek çocuklar için takım elbiseler, takımlar, ceketler, blazerler, pantolonlar, askılı ve üst ön parçalı tulumlar, kısa pantolonlar ve şortlar (yüzme kıyafeti hariç) / Ceketler ve blazerler / Dokumaya elverişli diğer maddelerden / Suni liflerden / Mesleki kıyafetler",62
620339190000,"Erkekler ve erkek çocuklar için takım elbiseler, takımlar, ceketler, blazerler, pantolonlar, askılı ve üst ön parçalı tulumlar, kısa pantolonlar ve şortlar (yüzme kıyafeti hariç) / Ceketler ve blazerler / Dokumaya elverişli diğer maddelerden / Suni liflerden / Diğerleri",62
620339900000,"Erkekler ve erkek çocuklar için takım elbiseler, takımlar, ceketler, blazerler, pantolonlar, askılı ve üst ön parçalı tulumlar, kısa pantolonlar ve şortlar (yüzme kıyafeti hariç) / Ceketler ve blazerler / Dokumaya elverişli diğer maddelerden / Diğerleri",62
620341100000,"Erkekler ve erkek çocuklar için takım elbiseler, takımlar, ceketler, blazerler, pantolonlar, askılı ve üst ön parçalı tulumlar, kısa pantolonlar ve şortlar (yüzme kıyafeti hariç) / Pantolonlar, askılı ve üst ön parçalı tulumlar, kısa pantolonlar ve şortlar / Yünden veya ince hayvan kıllarından / Pantolonlar ve kısa pantolonlar",62
620341300000,"Erkekler ve erkek çocuklar için takım elbiseler, takımlar, ceketler, blazerler, pantolonlar, askılı ve üst ön parçalı tulumlar, kısa pantolonlar ve şortlar (yüzme kıyafeti hariç) / Pantolonlar, askılı ve üst ön parçalı tulumlar, kısa pantolonlar ve şortlar / Yünden veya ince hayvan kıllarından / Askılı ve üst ön parçalı tulumlar",62
620341900000,"Erkekler ve erkek çocuklar için takım elbiseler, takımlar, ceketler, blazerler, pantolonlar, askılı ve üst ön parçalı tulumlar, kısa pantolonlar ve şortlar (yüzme kıyafeti hariç) / Pantolonlar, askılı ve üst ön parçalı tulumlar, kısa pantolonlar ve şortlar / Yünden veya ince hayvan kıllarından / Diğerleri",62
620342110000,"Erkekler ve erkek çocuklar için takım elbiseler, takımlar, ceketler, blazerler, pantolonlar, askılı ve üst ön parçalı tulumlar, kısa pantolonlar ve şortlar (yüzme kıyafeti hariç) / Pantolonlar, askılı ve üst ön parçalı tulumlar, kısa pantolonlar ve şortlar / Pamuktan / Pantolonlar ve kısa pantolonlar / Mesleki kıyafetler",62
620342310000,"Erkekler ve erkek çocuklar için takım elbiseler, takımlar, ceketler, blazerler, pantolonlar, askılı ve üst ön parçalı tulumlar, kısa pantolonlar ve şortlar (yüzme kıyafeti hariç) / Pantolonlar, askılı ve üst ön parçalı tulumlar, kısa pantolonlar ve şortlar / Pamuktan / Pantolonlar ve kısa pantolonlar / Diğerleri / Denimden olanlar",62
620342330000,"Erkekler ve erkek çocuklar için takım elbiseler, takımlar, ceketler, blazerler, pantolonlar, askılı ve üst ön parçalı tulumlar, kısa pantolonlar ve şortlar (yüzme kıyafeti hariç) / Pantolonlar, askılı ve üst ön parçalı tulumlar, kısa pantolonlar ve şortlar / Pamuktan / Pantolonlar ve kısa pantolonlar / Diğerleri / Atkı iplikli kadife ve pelüşten",62
620342350000,"Erkekler ve erkek çocuklar için takım elbiseler, takımlar, ceketler, blazerler, pantolonlar, askılı ve üst ön parçalı tulumlar, kısa pantolonlar ve şortlar (yüzme kıyafeti hariç) / Pantolonlar, askılı ve üst ön parçalı tulumlar, kısa pantolonlar ve şortlar / Pamuktan / Pantolonlar ve kısa pantolonlar / Diğerleri / Diğerleri",62
620342510000,"Erkekler ve erkek çocuklar için takım elbiseler, takımlar, ceketler, blazerler, pantolonlar, askılı ve üst ön parçalı tulumlar, kısa pantolonlar ve şortlar (yüzme kıyafeti hariç) / Pantolonlar, askılı ve üst ön parçalı tulumlar, kısa pantolonlar ve şortlar / Pamuktan / Askılı ve üst ön parçalı tulumlar / Mesleki kıyafetler",62
620342590000,"Erkekler ve erkek çocuklar için takım elbiseler, takımlar, ceketler, blazerler, pantolonlar, askılı ve üst ön parçalı tulumlar, kısa pantolonlar ve şortlar (yüzme kıyafeti hariç) / Pantolonlar, askılı ve üst ön parçalı tulumlar, kısa pantolonlar ve şortlar / Pamuktan / Askılı ve üst ön parçalı tulumlar / Diğerleri",62
620342900000,"Erkekler ve erkek çocuklar için takım elbiseler, takımlar, ceketler, blazerler, pantolonlar, askılı ve üst ön parçalı tulumlar, kısa pantolonlar ve şortlar (yüzme kıyafeti hariç) / Pantolonlar, askılı ve üst ön parçalı tulumlar, kısa pantolonlar ve şortlar / Pamuktan / Diğerleri",62
620343110000,"Erkekler ve erkek çocuklar için takım elbiseler, takımlar, ceketler, blazerler, pantolonlar, askılı ve üst ön parçalı tulumlar, kısa pantolonlar ve şortlar (yüzme kıyafeti hariç) / Pantolonlar, askılı ve üst ön parçalı tulumlar, kısa pantolonlar ve şortlar / Sentetik liflerden / Pantolonlar ve kısa pantolonlar / Mesleki kıyafetler",62
620343190000,"Erkekler ve erkek çocuklar için takım elbiseler, takımlar, ceketler, blazerler, pantolonlar, askılı ve üst ön parçalı tulumlar, kısa pantolonlar ve şortlar (yüzme kıyafeti hariç) / Pantolonlar, askılı ve üst ön parçalı tulumlar, kısa pantolonlar ve şortlar / Sentetik liflerden / Pantolonlar ve kısa pantolonlar / Diğerleri",62
620343310000,"Erkekler ve erkek çocuklar için takım elbiseler, takımlar, ceketler, blazerler, pantolonlar, askılı ve üst ön parçalı tulumlar, kısa pantolonlar ve şortlar (yüzme kıyafeti hariç) / Pantolonlar, askılı ve üst ön parçalı tulumlar, kısa pantolonlar ve şortlar / Sentetik liflerden / Askılı ve üst ön parçalı tulumlar / Mesleki kıyafetler",62
620343390000,"Erkekler ve erkek çocuklar için takım elbiseler, takımlar, ceketler, blazerler, pantolonlar, askılı ve üst ön parçalı tulumlar, kısa pantolonlar ve şortlar (yüzme kıyafeti hariç) / Pantolonlar, askılı ve üst ön parçalı tulumlar, kısa pantolonlar ve şortlar / Sentetik liflerden / Askılı ve üst ön parçalı tulumlar / Diğerleri",62
620343900000,"Erkekler ve erkek çocuklar için takım elbiseler, takımlar, ceketler, blazerler, pantolonlar, askılı ve üst ön parçalı tulumlar, kısa pantolonlar ve şortlar (yüzme kıyafeti hariç) / Pantolonlar, askılı ve üst ön parçalı tulumlar, kısa pantolonlar ve şortlar / Sentetik liflerden / Diğerleri",62
620349110000,"Erkekler ve erkek çocuklar için takım elbiseler, takımlar, ceketler, blazerler, pantolonlar, askılı ve üst ön parçalı tulumlar, kısa pantolonlar ve şortlar (yüzme kıyafeti hariç) / Pantolonlar, askılı ve üst ön parçalı tulumlar, kısa pantolonlar ve şortlar / Dokumaya elverişli diğer maddelerden / Suni liflerden / Pantolonlar ve kısa pantolonlar / Mesleki kıyafetler",62
620349190000,"Erkekler ve erkek çocuklar için takım elbiseler, takımlar, ceketler, blazerler, pantolonlar, askılı ve üst ön parçalı tulumlar, kısa pantolonlar ve şortlar (yüzme kıyafeti hariç) / Pantolonlar, askılı ve üst ön parçalı tulumlar, kısa pantolonlar ve şortlar / Dokumaya elverişli diğer maddelerden / Suni liflerden / Pantolonlar ve kısa pantolonlar / Diğerleri",62
620349310000,"Erkekler ve erkek çocuklar için takım elbiseler, takımlar, ceketler, blazerler, pantolonlar, askılı ve üst ön parçalı tulumlar, kısa pantolonlar ve şortlar (yüzme kıyafeti hariç) / Pantolonlar, askılı ve üst ön parçalı tulumlar, kısa pantolonlar ve şortlar / Dokumaya elverişli diğer maddelerden / Suni liflerden / Askılı ve üst ön parçalı tulumlar / Mesleki kıyafetler",62
620349390000,"Erkekler ve erkek çocuklar için takım elbiseler, takımlar, ceketler, blazerler, pantolonlar, askılı ve üst ön parçalı tulumlar, kısa pantolonlar ve şortlar (yüzme kıyafeti hariç) / Pantolonlar, askılı ve üst ön parçalı tulumlar, kısa pantolonlar ve şortlar / Dokumaya elverişli diğer maddelerden / Suni liflerden / Askılı ve üst ön parçalı tulumlar / Diğerleri",62
620349500000,"Erkekler ve erkek çocuklar için takım elbiseler, takımlar, ceketler, blazerler, pantolonlar, askılı ve üst ön parçalı tulumlar, kısa pantolonlar ve şortlar (yüzme kıyafeti hariç) / Pantolonlar, askılı ve üst ön parçalı tulumlar, kısa pantolonlar ve şortlar / Dokumaya elverişli diğer maddelerden / Suni liflerden / Diğerleri",62
620349900000,"Erkekler ve erkek çocuklar için takım elbiseler, takımlar, ceketler, blazerler, pantolonlar, askılı ve üst ön parçalı tulumlar, kısa pantolonlar ve şortlar (yüzme kıyafeti hariç) / Pantolonlar, askılı ve üst ön parçalı tulumlar, kısa pantolonlar ve şortlar / Dokumaya elverişli diğer maddelerden / Diğerleri",62
620411000000,"Kadınlar ve kız çocuklar için takım elbiseler, takımlar, ceketler, blazerler, elbiseler, etekler, pantolon etekler, pantolonlar, askılı ve üst ön parçalı tulumlar, kısa pantolonlar ve şortlar (yüzme kıyafetleri hariç) / Takım elbiseler / Yünden veya ince hayvan kıllarından",62
620412000000,"Kadınlar ve kız çocuklar için takım elbiseler, takımlar, ceketler, blazerler, elbiseler, etekler, pantolon etekler, pantolonlar, askılı ve üst ön parçalı tulumlar, kısa pantolonlar ve şortlar (yüzme kıyafetleri hariç) / Takım elbiseler / Pamuktan",62
620413000000,"Kadınlar ve kız çocuklar için takım elbiseler, takımlar, ceketler, blazerler, elbiseler, etekler, pantolon etekler, pantolonlar, askılı ve üst ön parçalı tulumlar, kısa pantolonlar ve şortlar (yüzme kıyafetleri hariç) / Takım elbiseler / Sentetik liflerden",62
620419100000,"Kadınlar ve kız çocuklar için takım elbiseler, takımlar, ceketler, blazerler, elbiseler, etekler, pantolon etekler, pantolonlar, askılı ve üst ön parçalı tulumlar, kısa pantolonlar ve şortlar (yüzme kıyafetleri hariç) / Takım elbiseler / Dokumaya elverişli diğer maddelerden / Suni liflerden",62
620419900000,"Kadınlar ve kız çocuklar için takım elbiseler, takımlar, ceketler, blazerler, elbiseler, etekler, pantolon etekler, pantolonlar, askılı ve üst ön parçalı tulumlar, kısa pantolonlar ve şortlar (yüzme kıyafetleri hariç) / Takım elbiseler / Dokumaya elverişli diğer maddelerden / Diğerleri",62
620421000000,"Kadınlar ve kız çocuklar için takım elbiseler, takımlar, ceketler, blazerler, elbiseler, etekler, pantolon etekler, pantolonlar, askılı ve üst ön parçalı tulumlar, kısa pantolonlar ve şortlar (yüzme kıyafetleri hariç) / Takımlar / Yünden veya ince hayvan kıllarından",62
620422100000,"Kadınlar ve kız çocuklar için takım elbiseler, takımlar, ceketler, blazerler, elbiseler, etekler, pantolon etekler, pantolonlar, askılı ve üst ön parçalı tulumlar, kısa pantolonlar ve şortlar (yüzme kıyafetleri hariç) / Takımlar / Pamuktan / Mesleki kıyafetler",62
620422800000,"Kadınlar ve kız çocuklar için takım elbiseler, takımlar, ceketler, blazerler, elbiseler, etekler, pantolon etekler, pantolonlar, askılı ve üst ön parçalı tulumlar, kısa pantolonlar ve şortlar (yüzme kıyafetleri hariç) / Takımlar / Pamuktan / Diğerleri",62
620423100000,"Kadınlar ve kız çocuklar için takım elbiseler, takımlar, ceketler, blazerler, elbiseler, etekler, pantolon etekler, pantolonlar, askılı ve üst ön parçalı tulumlar, kısa pantolonlar ve şortlar (yüzme kıyafetleri hariç) / Takımlar / Sentetik liflerden / Mesleki kıyafetler",62
620423800000,"Kadınlar ve kız çocuklar için takım elbiseler, takımlar, ceketler, blazerler, elbiseler, etekler, pantolon etekler, pantolonlar, askılı ve üst ön parçalı tulumlar, kısa pantolonlar ve şortlar (yüzme kıyafetleri hariç) / Takımlar / Sentetik liflerden / Diğerleri",62
620429110000,"Kadınlar ve kız çocuklar için takım elbiseler, takımlar, ceketler, blazerler, elbiseler, etekler, pantolon etekler, pantolonlar, askılı ve üst ön parçalı tulumlar, kısa pantolonlar ve şortlar (yüzme kıyafetleri hariç) / Takımlar / Dokumaya elverişli diğer maddelerden / Suni liflerden / Mesleki kıyafetler",62
620429180000,"Kadınlar ve kız çocuklar için takım elbiseler, takımlar, ceketler, blazerler, elbiseler, etekler, pantolon etekler, pantolonlar, askılı ve üst ön parçalı tulumlar, kısa pantolonlar ve şortlar (yüzme kıyafetleri hariç) / Takımlar / Dokumaya elverişli diğer maddelerden / Suni liflerden / Diğerleri",62
620429900000,"Kadınlar ve kız çocuklar için takım elbiseler, takımlar, ceketler, blazerler, elbiseler, etekler, pantolon etekler, pantolonlar, askılı ve üst ön parçalı tulumlar, kısa pantolonlar ve şortlar (yüzme kıyafetleri hariç) / Takımlar / Dokumaya elverişli diğer maddelerden / Diğerleri",62
620431000000,"Kadınlar ve kız çocuklar için takım elbiseler, takımlar, ceketler, blazerler, elbiseler, etekler, pantolon etekler, pantolonlar, askılı ve üst ön parçalı tulumlar, kısa pantolonlar ve şortlar (yüzme kıyafetleri hariç) / Ceketler ve blazerler / Yünden veya ince hayvan kıllarından",62
620432100000,"Kadınlar ve kız çocuklar için takım elbiseler, takımlar, ceketler, blazerler, elbiseler, etekler, pantolon etekler, pantolonlar, askılı ve üst ön parçalı tulumlar, kısa pantolonlar ve şortlar (yüzme kıyafetleri hariç) / Ceketler ve blazerler / Pamuktan / Mesleki kıyafetler",62
620432900012,"Kadınlar ve kız çocuklar için takım elbiseler, takımlar, ceketler, blazerler, elbiseler, etekler, pantolon etekler, pantolonlar, askılı ve üst ön parçalı tulumlar, kısa pantolonlar ve şortlar (yüzme kıyafetleri hariç) / Ceketler ve blazerler / Pamuktan / Diğerleri / Denimden olanlar",62
620432900013,"Kadınlar ve kız çocuklar için takım elbiseler, takımlar, ceketler, blazerler, elbiseler, etekler, pantolon etekler, pantolonlar, askılı ve üst ön parçalı tulumlar, kısa pantolonlar ve şortlar (yüzme kıyafetleri hariç) / Ceketler ve blazerler / Pamuktan / Diğerleri / Kadifeden olanlar",62
620432900018,"Kadınlar ve kız çocuklar için takım elbiseler, takımlar, ceketler, blazerler, elbiseler, etekler, pantolon etekler, pantolonlar, askılı ve üst ön parçalı tulumlar, kısa pantolonlar ve şortlar (yüzme kıyafetleri hariç) / Ceketler ve blazerler / Pamuktan / Diğerleri / Diğerleri",62
620433100000,"Kadınlar ve kız çocuklar için takım elbiseler, takımlar, ceketler, blazerler, elbiseler, etekler, pantolon etekler, pantolonlar, askılı ve üst ön parçalı tulumlar, kısa pantolonlar ve şortlar (yüzme kıyafetleri hariç) / Ceketler ve blazerler / Sentetik liflerden / Mesleki kıyafetler",62
620433900000,"Kadınlar ve kız çocuklar için takım elbiseler, takımlar, ceketler, blazerler, elbiseler, etekler, pantolon etekler, pantolonlar, askılı ve üst ön parçalı tulumlar, kısa pantolonlar ve şortlar (yüzme kıyafetleri hariç) / Ceketler ve blazerler / Sentetik liflerden / Diğerleri",62
620439110000,"Kadınlar ve kız çocuklar için takım elbiseler, takımlar, ceketler, blazerler, elbiseler, etekler, pantolon etekler, pantolonlar, askılı ve üst ön parçalı tulumlar, kısa pantolonlar ve şortlar (yüzme kıyafetleri hariç) / Ceketler ve blazerler / Dokumaya elverişli diğer maddelerden / Suni liflerden / Mesleki kıyafetler",62
620439190000,"Kadınlar ve kız çocuklar için takım elbiseler, takımlar, ceketler, blazerler, elbiseler, etekler, pantolon etekler, pantolonlar, askılı ve üst ön parçalı tulumlar, kısa pantolonlar ve şortlar (yüzme kıyafetleri hariç) / Ceketler ve blazerler / Dokumaya elverişli diğer maddelerden / Suni liflerden / Diğerleri",62
620439900000,"Kadınlar ve kız çocuklar için takım elbiseler, takımlar, ceketler, blazerler, elbiseler, etekler, pantolon etekler, pantolonlar, askılı ve üst ön parçalı tulumlar, kısa pantolonlar ve şortlar (yüzme kıyafetleri hariç) / Ceketler ve blazerler / Dokumaya elverişli diğer maddelerden / Diğerleri",62
620441000000,"Kadınlar ve kız çocuklar için takım elbiseler, takımlar, ceketler, blazerler, elbiseler, etekler, pantolon etekler, pantolonlar, askılı ve üst ön parçalı tulumlar, kısa pantolonlar ve şortlar (yüzme kıyafetleri hariç) / Elbiseler / Yünden veya ince hayvan kıllarından",62
620442000012,"Kadınlar ve kız çocuklar için takım elbiseler, takımlar, ceketler, blazerler, elbiseler, etekler, pantolon etekler, pantolonlar, askılı ve üst ön parçalı tulumlar, kısa pantolonlar ve şortlar (yüzme kıyafetleri hariç) / Elbiseler / Pamuktan / Denimden olanlar",62
620442000013,"Kadınlar ve kız çocuklar için takım elbiseler, takımlar, ceketler, blazerler, elbiseler, etekler, pantolon etekler, pantolonlar, askılı ve üst ön parçalı tulumlar, kısa pantolonlar ve şortlar (yüzme kıyafetleri hariç) / Elbiseler / Pamuktan / Kadifeden olanlar",62
620442000018,"Kadınlar ve kız çocuklar için takım elbiseler, takımlar, ceketler, blazerler, elbiseler, etekler, pantolon etekler, pantolonlar, askılı ve üst ön parçalı tulumlar, kısa pantolonlar ve şortlar (yüzme kıyafetleri hariç) / Elbiseler / Pamuktan / Diğerleri",62
620443000011,"Kadınlar ve kız çocuklar için takım elbiseler, takımlar, ceketler, blazerler, elbiseler, etekler, pantolon etekler, pantolonlar, askılı ve üst ön parçalı tulumlar, kısa pantolonlar ve şortlar (yüzme kıyafetleri hariç) / Elbiseler / Sentetik liflerden / Gelinlikler",62
620443000019,"Kadınlar ve kız çocuklar için takım elbiseler, takımlar, ceketler, blazerler, elbiseler, etekler, pantolon etekler, pantolonlar, askılı ve üst ön parçalı tulumlar, kısa pantolonlar ve şortlar (yüzme kıyafetleri hariç) / Elbiseler / Sentetik liflerden / Diğerleri",62
620444000011,"Kadınlar ve kız çocuklar için takım elbiseler, takımlar, ceketler, blazerler, elbiseler, etekler, pantolon etekler, pantolonlar, askılı ve üst ön parçalı tulumlar, kısa pantolonlar ve şortlar (yüzme kıyafetleri hariç) / Elbiseler / Suni liflerden / Gelinlikler",62
620444000019,"Kadınlar ve kız çocuklar için takım elbiseler, takımlar, ceketler, blazerler, elbiseler, etekler, pantolon etekler, pantolonlar, askılı ve üst ön parçalı tulumlar, kısa pantolonlar ve şortlar (yüzme kıyafetleri hariç) / Elbiseler / Suni liflerden / Diğerleri",62
620449100011,"Kadınlar ve kız çocuklar için takım elbiseler, takımlar, ceketler, blazerler, elbiseler, etekler, pantolon etekler, pantolonlar, askılı ve üst ön parçalı tulumlar, kısa pantolonlar ve şortlar (yüzme kıyafetleri hariç) / Elbiseler / Dokumaya elverişli diğer maddelerden / İpek veya ipek döküntülerinden / Gelinlikler",62
620449100019,"Kadınlar ve kız çocuklar için takım elbiseler, takımlar, ceketler, blazerler, elbiseler, etekler, pantolon etekler, pantolonlar, askılı ve üst ön parçalı tulumlar, kısa pantolonlar ve şortlar (yüzme kıyafetleri hariç) / Elbiseler / Dokumaya elverişli diğer maddelerden / İpek veya ipek döküntülerinden / Diğerleri",62
620449900000,"Kadınlar ve kız çocuklar için takım elbiseler, takımlar, ceketler, blazerler, elbiseler, etekler, pantolon etekler, pantolonlar, askılı ve üst ön parçalı tulumlar, kısa pantolonlar ve şortlar (yüzme kıyafetleri hariç) / Elbiseler / Dokumaya elverişli diğer maddelerden / Diğerleri",62
620451000011,"Kadınlar ve kız çocuklar için takım elbiseler, takımlar, ceketler, blazerler, elbiseler, etekler, pantolon etekler, pantolonlar, askılı ve üst ön parçalı tulumlar, kısa pantolonlar ve şortlar (yüzme kıyafetleri hariç) / Etekler ve pantolon etekler / Yünden veya ince hayvan kıllarından / Etekler / Yünden el yapımı olanlar",62
620451000019,"Kadınlar ve kız çocuklar için takım elbiseler, takımlar, ceketler, blazerler, elbiseler, etekler, pantolon etekler, pantolonlar, askılı ve üst ön parçalı tulumlar, kısa pantolonlar ve şortlar (yüzme kıyafetleri hariç) / Etekler ve pantolon etekler / Yünden veya ince hayvan kıllarından / Etekler / Diğerleri",62
620451000021,"Kadınlar ve kız çocuklar için takım elbiseler, takımlar, ceketler, blazerler, elbiseler, etekler, pantolon etekler, pantolonlar, askılı ve üst ön parçalı tulumlar, kısa pantolonlar ve şortlar (yüzme kıyafetleri hariç) / Etekler ve pantolon etekler / Yünden veya ince hayvan kıllarından / Pantolon etekler / Yünden el yapımı olanlar",62
620451000029,"Kadınlar ve kız çocuklar için takım elbiseler, takımlar, ceketler, blazerler, elbiseler, etekler, pantolon etekler, pantolonlar, askılı ve üst ön parçalı tulumlar, kısa pantolonlar ve şortlar (yüzme kıyafetleri hariç) / Etekler ve pantolon etekler / Yünden veya ince hayvan kıllarından / Pantolon etekler / Diğerleri",62
620452000012,"Kadınlar ve kız çocuklar için takım elbiseler, takımlar, ceketler, blazerler, elbiseler, etekler, pantolon etekler, pantolonlar, askılı ve üst ön parçalı tulumlar, kısa pantolonlar ve şortlar (yüzme kıyafetleri hariç) / Etekler ve pantolon etekler / Pamuktan / Etekler / Denimden olanlar",62
620452000013,"Kadınlar ve kız çocuklar için takım elbiseler, takımlar, ceketler, blazerler, elbiseler, etekler, pantolon etekler, pantolonlar, askılı ve üst ön parçalı tulumlar, kısa pantolonlar ve şortlar (yüzme kıyafetleri hariç) / Etekler ve pantolon etekler / Pamuktan / Etekler / Kadifeden olanlar",62
620452000018,"Kadınlar ve kız çocuklar için takım elbiseler, takımlar, ceketler, blazerler, elbiseler, etekler, pantolon etekler, pantolonlar, askılı ve üst ön parçalı tulumlar, kısa pantolonlar ve şortlar (yüzme kıyafetleri hariç) / Etekler ve pantolon etekler / Pamuktan / Etekler / Diğerleri",62
620452000022,"Kadınlar ve kız çocuklar için takım elbiseler, takımlar, ceketler, blazerler, elbiseler, etekler, pantolon etekler, pantolonlar, askılı ve üst ön parçalı tulumlar, kısa pantolonlar ve şortlar (yüzme kıyafetleri hariç) / Etekler ve pantolon etekler / Pamuktan / Pantolon etekler",62
620453000000,"Kadınlar ve kız çocuklar için takım elbiseler, takımlar, ceketler, blazerler, elbiseler, etekler, pantolon etekler, pantolonlar, askılı ve üst ön parçalı tulumlar, kısa pantolonlar ve şortlar (yüzme kıyafetleri hariç) / Etekler ve pantolon etekler / Sentetik liflerden",62
620459100000,"Kadınlar ve kız çocuklar için takım elbiseler, takımlar, ceketler, blazerler, elbiseler, etekler, pantolon etekler, pantolonlar, askılı ve üst ön parçalı tulumlar, kısa pantolonlar ve şortlar (yüzme kıyafetleri hariç) / Etekler ve pantolon etekler / Dokumaya elverişli diğer maddelerden / Suni liflerden",62
620459900000,"Kadınlar ve kız çocuklar için takım elbiseler, takımlar, ceketler, blazerler, elbiseler, etekler, pantolon etekler, pantolonlar, askılı ve üst ön parçalı tulumlar, kısa pantolonlar ve şortlar (yüzme kıyafetleri hariç) / Etekler ve pantolon etekler / Dokumaya elverişli diğer maddelerden / Diğerleri",62
620461100000,"Kadınlar ve kız çocuklar için takım elbiseler, takımlar, ceketler, blazerler, elbiseler, etekler, pantolon etekler, pantolonlar, askılı ve üst ön parçalı tulumlar, kısa pantolonlar ve şortlar (yüzme kıyafetleri hariç) / Pantolonlar, askılı ve üst ön parçalı tulumlar, kısa pantolonlar ve şortlar / Yünden veya ince hayvan kıllarından / Pantolonlar ve kısa pantolonlar",62
620461850000,"Kadınlar ve kız çocuklar için takım elbiseler, takımlar, ceketler, blazerler, elbiseler, etekler, pantolon etekler, pantolonlar, askılı ve üst ön parçalı tulumlar, kısa pantolonlar ve şortlar (yüzme kıyafetleri hariç) / Pantolonlar, askılı ve üst ön parçalı tulumlar, kısa pantolonlar ve şortlar / Yünden veya ince hayvan kıllarından / Diğerleri",62
620462110000,"Kadınlar ve kız çocuklar için takım elbiseler, takımlar, ceketler, blazerler, elbiseler, etekler, pantolon etekler, pantolonlar, askılı ve üst ön parçalı tulumlar, kısa pantolonlar ve şortlar (yüzme kıyafetleri hariç) / Pantolonlar, askılı ve üst ön parçalı tulumlar, kısa pantolonlar ve şortlar / Pamuktan / Pantolonlar ve kısa pantolonlar / Mesleki kıyafetler",62
620462310000,"Kadınlar ve kız çocuklar için takım elbiseler, takımlar, ceketler, blazerler, elbiseler, etekler, pantolon etekler, pantolonlar, askılı ve üst ön parçalı tulumlar, kısa pantolonlar ve şortlar (yüzme kıyafetleri hariç) / Pantolonlar, askılı ve üst ön parçalı tulumlar, kısa pantolonlar ve şortlar / Pamuktan / Pantolonlar ve kısa pantolonlar / Diğerleri / Denimden olanlar",62
620462330000,"Kadınlar ve kız çocuklar için takım elbiseler, takımlar, ceketler, blazerler, elbiseler, etekler, pantolon etekler, pantolonlar, askılı ve üst ön parçalı tulumlar, kısa pantolonlar ve şortlar (yüzme kıyafetleri hariç) / Pantolonlar, askılı ve üst ön parçalı tulumlar, kısa pantolonlar ve şortlar / Pamuktan / Pantolonlar ve kısa pantolonlar / Diğerleri / Atkı iplikli kadifeden olanlar",62
620462390000,"Kadınlar ve kız çocuklar için takım elbiseler, takımlar, ceketler, blazerler, elbiseler, etekler, pantolon etekler, pantolonlar, askılı ve üst ön parçalı tulumlar, kısa pantolonlar ve şortlar (yüzme kıyafetleri hariç) / Pantolonlar, askılı ve üst ön parçalı tulumlar, kısa pantolonlar ve şortlar / Pamuktan / Pantolonlar ve kısa pantolonlar / Diğerleri / Diğerleri",62
620462510000,"Kadınlar ve kız çocuklar için takım elbiseler, takımlar, ceketler, blazerler, elbiseler, etekler, pantolon etekler, pantolonlar, askılı ve üst ön parçalı tulumlar, kısa pantolonlar ve şortlar (yüzme kıyafetleri hariç) / Pantolonlar, askılı ve üst ön parçalı tulumlar, kısa pantolonlar ve şortlar / Pamuktan / Askılı ve üst ön parçalı tulumlar / Mesleki kıyafetler",62
620462590000,"Kadınlar ve kız çocuklar için takım elbiseler, takımlar, ceketler, blazerler, elbiseler, etekler, pantolon etekler, pantolonlar, askılı ve üst ön parçalı tulumlar, kısa pantolonlar ve şortlar (yüzme kıyafetleri hariç) / Pantolonlar, askılı ve üst ön parçalı tulumlar, kısa pantolonlar ve şortlar / Pamuktan / Askılı ve üst ön parçalı tulumlar / Diğerleri",62
620462900000,"Kadınlar ve kız çocuklar için takım elbiseler, takımlar, ceketler, blazerler, elbiseler, etekler, pantolon etekler, pantolonlar, askılı ve üst ön parçalı tulumlar, kısa pantolonlar ve şortlar (yüzme kıyafetleri hariç) / Pantolonlar, askılı ve üst ön parçalı tulumlar, kısa pantolonlar ve şortlar / Pamuktan / Diğerleri",62
620463110000,"Kadınlar ve kız çocuklar için takım elbiseler, takımlar, ceketler, blazerler, elbiseler, etekler, pantolon etekler, pantolonlar, askılı ve üst ön parçalı tulumlar, kısa pantolonlar ve şortlar (yüzme kıyafetleri hariç) / Pantolonlar, askılı ve üst ön parçalı tulumlar, kısa pantolonlar ve şortlar / Sentetik liflerden / Pantolonlar ve kısa pantolonlar / Mesleki kıyafetler",62
620463180000,"Kadınlar ve kız çocuklar için takım elbiseler, takımlar, ceketler, blazerler, elbiseler, etekler, pantolon etekler, pantolonlar, askılı ve üst ön parçalı tulumlar, kısa pantolonlar ve şortlar (yüzme kıyafetleri hariç) / Pantolonlar, askılı ve üst ön parçalı tulumlar, kısa pantolonlar ve şortlar / Sentetik liflerden / Pantolonlar ve kısa pantolonlar / Diğerleri",62
620463310000,"Kadınlar ve kız çocuklar için takım elbiseler, takımlar, ceketler, blazerler, elbiseler, etekler, pantolon etekler, pantolonlar, askılı ve üst ön parçalı tulumlar, kısa pantolonlar ve şortlar (yüzme kıyafetleri hariç) / Pantolonlar, askılı ve üst ön parçalı tulumlar, kısa pantolonlar ve şortlar / Sentetik liflerden / Askılı ve üst ön parçalı tulumlar / Mesleki kıyafetler",62
620463390000,"Kadınlar ve kız çocuklar için takım elbiseler, takımlar, ceketler, blazerler, elbiseler, etekler, pantolon etekler, pantolonlar, askılı ve üst ön parçalı tulumlar, kısa pantolonlar ve şortlar (yüzme kıyafetleri hariç) / Pantolonlar, askılı ve üst ön parçalı tulumlar, kısa pantolonlar ve şortlar / Sentetik liflerden / Askılı ve üst ön parçalı tulumlar / Diğerleri",62
620463900000,"Kadınlar ve kız çocuklar için takım elbiseler, takımlar, ceketler, blazerler, elbiseler, etekler, pantolon etekler, pantolonlar, askılı ve üst ön parçalı tulumlar, kısa pantolonlar ve şortlar (yüzme kıyafetleri hariç) / Pantolonlar, askılı ve üst ön parçalı tulumlar, kısa pantolonlar ve şortlar / Sentetik liflerden / Diğerleri",62
620469110000,"Kadınlar ve kız çocuklar için takım elbiseler, takımlar, ceketler, blazerler, elbiseler, etekler, pantolon etekler, pantolonlar, askılı ve üst ön parçalı tulumlar, kısa pantolonlar ve şortlar (yüzme kıyafetleri hariç) / Pantolonlar, askılı ve üst ön parçalı tulumlar, kısa pantolonlar ve şortlar / Dokumaya elverişli diğer maddelerden / Suni liflerden / Pantolonlar ve kısa pantolonlar / Mesleki kıyafetler",62
620469180000,"Kadınlar ve kız çocuklar için takım elbiseler, takımlar, ceketler, blazerler, elbiseler, etekler, pantolon etekler, pantolonlar, askılı ve üst ön parçalı tulumlar, kısa pantolonlar ve şortlar (yüzme kıyafetleri hariç) / Pantolonlar, askılı ve üst ön parçalı tulumlar, kısa pantolonlar ve şortlar / Dokumaya elverişli diğer maddelerden / Suni liflerden / Pantolonlar ve kısa pantolonlar / Diğerleri",62
620469310000,"Kadınlar ve kız çocuklar için takım elbiseler, takımlar, ceketler, blazerler, elbiseler, etekler, pantolon etekler, pantolonlar, askılı ve üst ön parçalı tulumlar, kısa pantolonlar ve şortlar (yüzme kıyafetleri hariç) / Pantolonlar, askılı ve üst ön parçalı tulumlar, kısa pantolonlar ve şortlar / Dokumaya elverişli diğer maddelerden / Suni liflerden / Askılı ve üst ön parçalı tulumlar / Mesleki kıyafetler",62
620469390000,"Kadınlar ve kız çocuklar için takım elbiseler, takımlar, ceketler, blazerler, elbiseler, etekler, pantolon etekler, pantolonlar, askılı ve üst ön parçalı tulumlar, kısa pantolonlar ve şortlar (yüzme kıyafetleri hariç) / Pantolonlar, askılı ve üst ön parçalı tulumlar, kısa pantolonlar ve şortlar / Dokumaya elverişli diğer maddelerden / Suni liflerden / Askılı ve üst ön parçalı tulumlar / Diğerleri",62
620469500000,"Kadınlar ve kız çocuklar için takım elbiseler, takımlar, ceketler, blazerler, elbiseler, etekler, pantolon etekler, pantolonlar, askılı ve üst ön parçalı tulumlar, kısa pantolonlar ve şortlar (yüzme kıyafetleri hariç) / Pantolonlar, askılı ve üst ön parçalı tulumlar, kısa pantolonlar ve şortlar / Dokumaya elverişli diğer maddelerden / Suni liflerden / Diğerleri",62
620469900000,"Kadınlar ve kız çocuklar için takım elbiseler, takımlar, ceketler, blazerler, elbiseler, etekler, pantolon etekler, pantolonlar, askılı ve üst ön parçalı tulumlar, kısa pantolonlar ve şortlar (yüzme kıyafetleri hariç) / Pantolonlar, askılı ve üst ön parçalı tulumlar, kısa pantolonlar ve şortlar / Dokumaya elverişli diğer maddelerden / Diğerleri",62
620520000012,Erkekler ve erkek çocuklar için gömlekler / Pamuktan / Denimden olanlar,62
620520000013,Erkekler ve erkek çocuklar için gömlekler / Pamuktan / Kadifeden olanlar,62
620520000018,Erkekler ve erkek çocuklar için gömlekler / Pamuktan / Diğerleri,62
620530000000,Erkekler ve erkek çocuklar için gömlekler / Sentetik veya suni liflerden,62
620590100000,Erkekler ve erkek çocuklar için gömlekler / Dokumaya elverişli diğer maddelerden / Keten veya ramiden,62
620590800011,Erkekler ve erkek çocuklar için gömlekler / Dokumaya elverişli diğer maddelerden / Diğerleri / İpek ve ipek döküntülerinden,62
620590800012,Erkekler ve erkek çocuklar için gömlekler / Dokumaya elverişli diğer maddelerden / Diğerleri / Yünden veya ince hayvan kıllarından,62
620590800018,Erkekler ve erkek çocuklar için gömlekler / Dokumaya elverişli diğer maddelerden / Diğerleri / Diğerleri,62
620610000000,"Kadınlar ve kız çocuklar için bluzlar, gömlekler ve gömlek-bluzlar / İpekten veya ipek döküntülerinden",62
620620000000,"Kadınlar ve kız çocuklar için bluzlar, gömlekler ve gömlek-bluzlar / Yünden veya ince hayvan kıllarından",62
620630000012,"Kadınlar ve kız çocuklar için bluzlar, gömlekler ve gömlek-bluzlar / Pamuktan / Bluzlar / Denimden olanlar",62
620630000013,"Kadınlar ve kız çocuklar için bluzlar, gömlekler ve gömlek-bluzlar / Pamuktan / Bluzlar / Kadifeden olanlar",62
620630000018,"Kadınlar ve kız çocuklar için bluzlar, gömlekler ve gömlek-bluzlar / Pamuktan / Bluzlar / Diğerleri",62
620630000022,"Kadınlar ve kız çocuklar için bluzlar, gömlekler ve gömlek-bluzlar / Pamuktan / Gömlekler / Denimden olanlar",62
620630000023,"Kadınlar ve kız çocuklar için bluzlar, gömlekler ve gömlek-bluzlar / Pamuktan / Gömlekler / Kadifeden olanlar",62
620630000028,"Kadınlar ve kız çocuklar için bluzlar, gömlekler ve gömlek-bluzlar / Pamuktan / Gömlekler / Diğerleri",62
620640000000,"Kadınlar ve kız çocuklar için bluzlar, gömlekler ve gömlek-bluzlar / Sentetik veya suni liflerden",62
620690100000,"Kadınlar ve kız çocuklar için bluzlar, gömlekler ve gömlek-bluzlar / Dokumaya elverişli diğer maddelerden / Keten veya ramiden",62
620690900011,"Kadınlar ve kız çocuklar için bluzlar, gömlekler ve gömlek-bluzlar / Dokumaya elverişli diğer maddelerden / Diğerleri / Bluzlar",62
620690900012,"Kadınlar ve kız çocuklar için bluzlar, gömlekler ve gömlek-bluzlar / Dokumaya elverişli diğer maddelerden / Diğerleri / Gömlekler",62
620690900013,"Kadınlar ve kız çocuklar için bluzlar, gömlekler ve gömlek-bluzlar / Dokumaya elverişli diğer maddelerden / Diğerleri / Gömlek-bluzlar",62
620711000011,"Erkekler ve erkek çocuklar için fanilalar, atletler, külotlar, slipler, gece gömlekleri, pijamalar, bornozlar, robdöşambrlar ve benzeri eşya / Külotlar ve slipler / Pamuktan / Uzun ve kısa külotlar",62
620711000012,"Erkekler ve erkek çocuklar için fanilalar, atletler, külotlar, slipler, gece gömlekleri, pijamalar, bornozlar, robdöşambrlar ve benzeri eşya / Külotlar ve slipler / Pamuktan / Slipler",62
620719000011,"Erkekler ve erkek çocuklar için fanilalar, atletler, külotlar, slipler, gece gömlekleri, pijamalar, bornozlar, robdöşambrlar ve benzeri eşya / Külotlar ve slipler / Dokumaya elverişli diğer maddelerden / Sentetik liflerden uzun ve kısa külotlar",62
620719000012,"Erkekler ve erkek çocuklar için fanilalar, atletler, külotlar, slipler, gece gömlekleri, pijamalar, bornozlar, robdöşambrlar ve benzeri eşya / Külotlar ve slipler / Dokumaya elverişli diğer maddelerden / Sentetik liflerden slipler",62
620719000019,"Erkekler ve erkek çocuklar için fanilalar, atletler, külotlar, slipler, gece gömlekleri, pijamalar, bornozlar, robdöşambrlar ve benzeri eşya / Külotlar ve slipler / Dokumaya elverişli diğer maddelerden / Dokumaya elverişli diğer maddelerden uzun ve kısa külotlar",62
620719000029,"Erkekler ve erkek çocuklar için fanilalar, atletler, külotlar, slipler, gece gömlekleri, pijamalar, bornozlar, robdöşambrlar ve benzeri eşya / Külotlar ve slipler / Dokumaya elverişli diğer maddelerden / Dokumaya elverişli diğer maddelerden slipler",62
620721000000,"Erkekler ve erkek çocuklar için fanilalar, atletler, külotlar, slipler, gece gömlekleri, pijamalar, bornozlar, robdöşambrlar ve benzeri eşya / Gece gömlekleri ve pijamalar / Pamuktan",62
620722000000,"Erkekler ve erkek çocuklar için fanilalar, atletler, külotlar, slipler, gece gömlekleri, pijamalar, bornozlar, robdöşambrlar ve benzeri eşya / Gece gömlekleri ve pijamalar / Sentetik veya suni liflerden",62
620729000000,"Erkekler ve erkek çocuklar için fanilalar, atletler, külotlar, slipler, gece gömlekleri, pijamalar, bornozlar, robdöşambrlar ve benzeri eşya / Gece gömlekleri ve pijamalar / Dokumaya elverişli diğer maddelerden",62
620791000000,"Erkekler ve erkek çocuklar için fanilalar, atletler, külotlar, slipler, gece gömlekleri, pijamalar, bornozlar, robdöşambrlar ve benzeri eşya / Diğerleri / Pamuktan",62
620799100000,"Erkekler ve erkek çocuklar için fanilalar, atletler, külotlar, slipler, gece gömlekleri, pijamalar, bornozlar, robdöşambrlar ve benzeri eşya / Diğerleri / Dokumaya elverişli diğer maddelerden / Sentetik veya suni liflerden",62
620799900000,"Erkekler ve erkek çocuklar için fanilalar, atletler, külotlar, slipler, gece gömlekleri, pijamalar, bornozlar, robdöşambrlar ve benzeri eşya / Diğerleri / Dokumaya elverişli diğer maddelerden / Diğerleri",62
620811000000,"Kadınlar ve kız çocuklar için fanilalar, kaşkorseler, kombinezonlar, jüp veya jüponlar, slipler ve külotlar, gecelikler, pijamalar, lizözler, bornozlar, sabahlıklar ve benzeri eşya / Kombinezonlar, jüp veya jüponlar / Sentetik veya suni liflerden",62
620819000000,"Kadınlar ve kız çocuklar için fanilalar, kaşkorseler, kombinezonlar, jüp veya jüponlar, slipler ve külotlar, gecelikler, pijamalar, lizözler, bornozlar, sabahlıklar ve benzeri eşya / Kombinezonlar, jüp veya jüponlar / Dokumaya elverişli diğer maddelerden",62
620821000011,"Kadınlar ve kız çocuklar için fanilalar, kaşkorseler, kombinezonlar, jüp veya jüponlar, slipler ve külotlar, gecelikler, pijamalar, lizözler, bornozlar, sabahlıklar ve benzeri eşya / Gecelikler ve pijamalar / Pamuktan / Gecelikler",62
620821000012,"Kadınlar ve kız çocuklar için fanilalar, kaşkorseler, kombinezonlar, jüp veya jüponlar, slipler ve külotlar, gecelikler, pijamalar, lizözler, bornozlar, sabahlıklar ve benzeri eşya / Gecelikler ve pijamalar / Pamuktan / Pijamalar",62
620822000011,"Kadınlar ve kız çocuklar için fanilalar, kaşkorseler, kombinezonlar, jüp veya jüponlar, slipler ve külotlar, gecelikler, pijamalar, lizözler, bornozlar, sabahlıklar ve benzeri eşya / Gecelikler ve pijamalar / Sentetik veya suni liflerden / Gecelikler",62
620822000012,"Kadınlar ve kız çocuklar için fanilalar, kaşkorseler, kombinezonlar, jüp veya jüponlar, slipler ve külotlar, gecelikler, pijamalar, lizözler, bornozlar, sabahlıklar ve benzeri eşya / Gecelikler ve pijamalar / Sentetik veya suni liflerden / Pijamalar",62
620829000011,"Kadınlar ve kız çocuklar için fanilalar, kaşkorseler, kombinezonlar, jüp veya jüponlar, slipler ve külotlar, gecelikler, pijamalar, lizözler, bornozlar, sabahlıklar ve benzeri eşya / Gecelikler ve pijamalar / Dokumaya elverişli diğer maddelerden / Gecelikler",62
620829000012,"Kadınlar ve kız çocuklar için fanilalar, kaşkorseler, kombinezonlar, jüp veya jüponlar, slipler ve külotlar, gecelikler, pijamalar, lizözler, bornozlar, sabahlıklar ve benzeri eşya / Gecelikler ve pijamalar / Dokumaya elverişli diğer maddelerden / Pijamalar",62
620891000000,"Kadınlar ve kız çocuklar için fanilalar, kaşkorseler, kombinezonlar, jüp veya jüponlar, slipler ve külotlar, gecelikler, pijamalar, lizözler, bornozlar, sabahlıklar ve benzeri eşya / Diğerleri / Pamuktan",62
620892000000,"Kadınlar ve kız çocuklar için fanilalar, kaşkorseler, kombinezonlar, jüp veya jüponlar, slipler ve külotlar, gecelikler, pijamalar, lizözler, bornozlar, sabahlıklar ve benzeri eşya / Diğerleri / Sentetik veya suni liflerden",62
620899000000,"Kadınlar ve kız çocuklar için fanilalar, kaşkorseler, kombinezonlar, jüp veya jüponlar, slipler ve külotlar, gecelikler, pijamalar, lizözler, bornozlar, sabahlıklar ve benzeri eşya / Diğerleri / Dokumaya elverişli diğer maddelerden",62
620920000011,Bebekler için giyim eşyası ve aksesuarı / Pamuktan / Eldivenler,62
620920000012,Bebekler için giyim eşyası ve aksesuarı / Pamuktan / Çoraplar,62
620920000019,Bebekler için giyim eşyası ve aksesuarı / Pamuktan / Diğerleri,62
620930000011,Bebekler için giyim eşyası ve aksesuarı / Sentetik liflerden / Eldivenler,62
620930000012,Bebekler için giyim eşyası ve aksesuarı / Sentetik liflerden / Çoraplar,62
620930000019,Bebekler için giyim eşyası ve aksesuarı / Sentetik liflerden / Diğerleri,62
620990100011,Bebekler için giyim eşyası ve aksesuarı / Dokumaya elverişli diğer maddelerden / Yünden veya ince hayvan kıllarından / Eldivenler,62
620990100012,Bebekler için giyim eşyası ve aksesuarı / Dokumaya elverişli diğer maddelerden / Yünden veya ince hayvan kıllarından / Çoraplar,62
620990100019,Bebekler için giyim eşyası ve aksesuarı / Dokumaya elverişli diğer maddelerden / Yünden veya ince hayvan kıllarından / Diğerleri,62
620990900011,Bebekler için giyim eşyası ve aksesuarı / Dokumaya elverişli diğer maddelerden / Diğerleri / Eldivenler,62
620990900012,Bebekler için giyim eşyası ve aksesuarı / Dokumaya elverişli diğer maddelerden / Diğerleri / Çoraplar,62
620990900019,Bebekler için giyim eşyası ve aksesuarı / Dokumaya elverişli diğer maddelerden / Diğerleri / Diğerleri,62
621010100011,"56.02, 56.03, 59.03, 59.06 veya 59.07 Pozisyonlarındaki mensucattan hazır giyim eşyası / 56.02 veya 56.03 Pozisyonlarındaki mensucattan / 56.02 Pozisyonundaki mensucattan / Paltolar (manto)",62
621010100019,"56.02, 56.03, 59.03, 59.06 veya 59.07 Pozisyonlarındaki mensucattan hazır giyim eşyası / 56.02 veya 56.03 Pozisyonlarındaki mensucattan / 56.02 Pozisyonundaki mensucattan / Diğerleri",62
621010920000,"56.02, 56.03, 59.03, 59.06 veya 59.07 Pozisyonlarındaki mensucattan hazır giyim eşyası / 56.02 veya 56.03 Pozisyonlarındaki mensucattan / 56.03 Pozisyonundaki mensucattan / Hastalar veya cerrahlar tarafından cerrahi operasyonlarda giyilen tek kullanımlık uzun elbiseler",62
621010980000,"56.02, 56.03, 59.03, 59.06 veya 59.07 Pozisyonlarındaki mensucattan hazır giyim eşyası / 56.02 veya 56.03 Pozisyonlarındaki mensucattan / 56.03 Pozisyonundaki mensucattan / Diğerleri",62
621020000000,"56.02, 56.03, 59.03, 59.06 veya 59.07 Pozisyonlarındaki mensucattan hazır giyim eşyası / 62.01 pozisyonundaki tanımlanan cinsteki diğer giyim eşyası",62
621030000000,"56.02, 56.03, 59.03, 59.06 veya 59.07 Pozisyonlarındaki mensucattan hazır giyim eşyası / 62.02 pozisyonundaki tanımlanan cinsteki diğer giyim eşyası",62
621040000011,"56.02, 56.03, 59.03, 59.06 veya 59.07 Pozisyonlarındaki mensucattan hazır giyim eşyası / Erkekler ve erkek çocuklar için diğer giyim eşyası / Dalgıç elbisesi",62
621040000012,"56.02, 56.03, 59.03, 59.06 veya 59.07 Pozisyonlarındaki mensucattan hazır giyim eşyası / Erkekler ve erkek çocuklar için diğer giyim eşyası / Radyasyona karşı koruyucu elbiseler",62
621040000019,"56.02, 56.03, 59.03, 59.06 veya 59.07 Pozisyonlarındaki mensucattan hazır giyim eşyası / Erkekler ve erkek çocuklar için diğer giyim eşyası / Diğerleri",62
621050000011,"56.02, 56.03, 59.03, 59.06 veya 59.07 Pozisyonlarındaki mensucattan hazır giyim eşyası / Kadınlar ve kız çocuklar için diğer giyim eşyası / Dalgıç elbisesi",62
621050000012,"56.02, 56.03, 59.03, 59.06 veya 59.07 Pozisyonlarındaki mensucattan hazır giyim eşyası / Kadınlar ve kız çocuklar için diğer giyim eşyası / Radyasyona karşı koruyucu elbiseler",62
621050000019,"56.02, 56.03, 59.03, 59.06 veya 59.07 Pozisyonlarındaki mensucattan hazır giyim eşyası / Kadınlar ve kız çocuklar için diğer giyim eşyası / Diğerleri",62
621111000011,"Spor, kayak ve yüzme kıyafetIeri; diğer giyim eşyası / Yüzme kıyafetleri / Erkekler ve erkek çocuklar için / Suni veya sentetik liflerden",62
621111000019,"Spor, kayak ve yüzme kıyafetIeri; diğer giyim eşyası / Yüzme kıyafetleri / Erkekler ve erkek çocuklar için / Dokumaya elverişli diğer maddelerden",62
621112000011,"Spor, kayak ve yüzme kıyafetIeri; diğer giyim eşyası / Yüzme kıyafetleri / Kadınlar ve kız çocuklar için / Suni veya sentetik liflerden",62
621112000019,"Spor, kayak ve yüzme kıyafetIeri; diğer giyim eşyası / Yüzme kıyafetleri / Kadınlar ve kız çocuklar için / Dokumaya elverişli diğer maddelerden",62
621120000000,"Spor, kayak ve yüzme kıyafetIeri; diğer giyim eşyası / Kayak kıyafetleri",62
621132100011,"Spor, kayak ve yüzme kıyafetIeri; diğer giyim eşyası / Erkekler ve erkek çocuklar için diğer giyim eşyası / Pamuktan / Mesleki kıyafetler / Önlükler",62
621132100012,"Spor, kayak ve yüzme kıyafetIeri; diğer giyim eşyası / Erkekler ve erkek çocuklar için diğer giyim eşyası / Pamuktan / Mesleki kıyafetler / Koruyucu elbiseler",62
621132100013,"Spor, kayak ve yüzme kıyafetIeri; diğer giyim eşyası / Erkekler ve erkek çocuklar için diğer giyim eşyası / Pamuktan / Mesleki kıyafetler / Yaka ve askılar",62
621132100019,"Spor, kayak ve yüzme kıyafetIeri; diğer giyim eşyası / Erkekler ve erkek çocuklar için diğer giyim eşyası / Pamuktan / Mesleki kıyafetler / Diğerleri",62
621132310000,"Spor, kayak ve yüzme kıyafetIeri; diğer giyim eşyası / Erkekler ve erkek çocuklar için diğer giyim eşyası / Pamuktan / Astarlı spor kıyafetleri / Dış yüzü tek ve aynı mensucattan",62
621132410000,"Spor, kayak ve yüzme kıyafetIeri; diğer giyim eşyası / Erkekler ve erkek çocuklar için diğer giyim eşyası / Pamuktan / Astarlı spor kıyafetleri / Diğerleri / Üst kısımlar",62
621132420000,"Spor, kayak ve yüzme kıyafetIeri; diğer giyim eşyası / Erkekler ve erkek çocuklar için diğer giyim eşyası / Pamuktan / Astarlı spor kıyafetleri / Diğerleri / Alt kısımlar",62
621132900000,"Spor, kayak ve yüzme kıyafetIeri; diğer giyim eşyası / Erkekler ve erkek çocuklar için diğer giyim eşyası / Pamuktan / Diğerleri",62
621133100011,"Spor, kayak ve yüzme kıyafetIeri; diğer giyim eşyası / Erkekler ve erkek çocuklar için diğer giyim eşyası / Sentetik veya suni liflerden / Mesleki kıyafetler / Önlükler",62
621133100012,"Spor, kayak ve yüzme kıyafetIeri; diğer giyim eşyası / Erkekler ve erkek çocuklar için diğer giyim eşyası / Sentetik veya suni liflerden / Mesleki kıyafetler / Koruyucu elbiseler",62
621133100013,"Spor, kayak ve yüzme kıyafetIeri; diğer giyim eşyası / Erkekler ve erkek çocuklar için diğer giyim eşyası / Sentetik veya suni liflerden / Mesleki kıyafetler / Yaka ve askılar",62
621133100019,"Spor, kayak ve yüzme kıyafetIeri; diğer giyim eşyası / Erkekler ve erkek çocuklar için diğer giyim eşyası / Sentetik veya suni liflerden / Mesleki kıyafetler / Diğerleri",62
621133310000,"Spor, kayak ve yüzme kıyafetIeri; diğer giyim eşyası / Erkekler ve erkek çocuklar için diğer giyim eşyası / Sentetik veya suni liflerden / Astarlı spor kıyafetleri / Dış yüzü tek ve aynı mensucattan",62
621133410000,"Spor, kayak ve yüzme kıyafetIeri; diğer giyim eşyası / Erkekler ve erkek çocuklar için diğer giyim eşyası / Sentetik veya suni liflerden / Astarlı spor kıyafetleri / Diğerleri / Üst kısımlar",62
621133420000,"Spor, kayak ve yüzme kıyafetIeri; diğer giyim eşyası / Erkekler ve erkek çocuklar için diğer giyim eşyası / Sentetik veya suni liflerden / Astarlı spor kıyafetleri / Diğerleri / Alt kısımlar",62
621133900000,"Spor, kayak ve yüzme kıyafetIeri; diğer giyim eşyası / Erkekler ve erkek çocuklar için diğer giyim eşyası / Sentetik veya suni liflerden / Diğerleri",62
621139000021,"Spor, kayak ve yüzme kıyafetIeri; diğer giyim eşyası / Erkekler ve erkek çocuklar için diğer giyim eşyası / Dokumaya elverişli diğer maddelerden / Yünden veya ince hayvan kıllarından / Mesleki kıyafetler",62
621139000029,"Spor, kayak ve yüzme kıyafetIeri; diğer giyim eşyası / Erkekler ve erkek çocuklar için diğer giyim eşyası / Dokumaya elverişli diğer maddelerden / Yünden veya ince hayvan kıllarından / Diğerleri",62
621139000031,"Spor, kayak ve yüzme kıyafetIeri; diğer giyim eşyası / Erkekler ve erkek çocuklar için diğer giyim eşyası / Dokumaya elverişli diğer maddelerden / Diğerleri / Mesleki kıyafetler",62
621139000039,"Spor, kayak ve yüzme kıyafetIeri; diğer giyim eşyası / Erkekler ve erkek çocuklar için diğer giyim eşyası / Dokumaya elverişli diğer maddelerden / Diğerleri / Diğerleri",62
621142100000,"Spor, kayak ve yüzme kıyafetIeri; diğer giyim eşyası / Kadınlar ve kız çocukIar için diğer giyim eşyası / Pamuktan / Önlükler, gömlekler ve diğer mesleki kıyafetIer (aynı zamanda ev içinde kullanılmaya mahsus olsun olmasın)",62
621142310000,"Spor, kayak ve yüzme kıyafetIeri; diğer giyim eşyası / Kadınlar ve kız çocukIar için diğer giyim eşyası / Pamuktan / Astarlı spor kıyafetleri / Dış yüzü tek ve aynı mensucattan",62
621142410000,"Spor, kayak ve yüzme kıyafetIeri; diğer giyim eşyası / Kadınlar ve kız çocukIar için diğer giyim eşyası / Pamuktan / Astarlı spor kıyafetleri / Diğerleri / Üst kısımlar",62
621142420000,"Spor, kayak ve yüzme kıyafetIeri; diğer giyim eşyası / Kadınlar ve kız çocukIar için diğer giyim eşyası / Pamuktan / Astarlı spor kıyafetleri / Diğerleri / Alt kısımlar",62
621142900000,"Spor, kayak ve yüzme kıyafetIeri; diğer giyim eşyası / Kadınlar ve kız çocukIar için diğer giyim eşyası / Pamuktan / Diğerleri",62
621143100000,"Spor, kayak ve yüzme kıyafetIeri; diğer giyim eşyası / Kadınlar ve kız çocukIar için diğer giyim eşyası / Sentetik veya suni liflerden / Önlükler, gömlekler ve diğer mesleki kıyafetler (aynı zamanda ev içinde kullanılmaya mahsus olsun olmasın)",62
621143310000,"Spor, kayak ve yüzme kıyafetIeri; diğer giyim eşyası / Kadınlar ve kız çocukIar için diğer giyim eşyası / Sentetik veya suni liflerden / Astarlı spor kıyafetleri / Dış yüzü tek ve aynı mensucattan",62
621143410000,"Spor, kayak ve yüzme kıyafetIeri; diğer giyim eşyası / Kadınlar ve kız çocukIar için diğer giyim eşyası / Sentetik veya suni liflerden / Astarlı spor kıyafetleri / Diğerleri / Üst kısımlar",62
621143420000,"Spor, kayak ve yüzme kıyafetIeri; diğer giyim eşyası / Kadınlar ve kız çocukIar için diğer giyim eşyası / Sentetik veya suni liflerden / Astarlı spor kıyafetleri / Diğerleri / Alt kısımlar",62
621143900000,"Spor, kayak ve yüzme kıyafetIeri; diğer giyim eşyası / Kadınlar ve kız çocukIar için diğer giyim eşyası / Sentetik veya suni liflerden / Diğerleri",62
621149000011,"Spor, kayak ve yüzme kıyafetIeri; diğer giyim eşyası / Kadınlar ve kız çocukIar için diğer giyim eşyası / Dokumaya elverişli diğer maddelerden / Önlükler, gömlekler ve diğer mesleki kıyafetler (aynı zamanda ev içinde kullanılmaya mahsus olsun olmasın)",62
621149000019,"Spor, kayak ve yüzme kıyafetIeri; diğer giyim eşyası / Kadınlar ve kız çocukIar için diğer giyim eşyası / Dokumaya elverişli diğer maddelerden / Diğerleri",62
621210100000,"Sütyenler, korseler, korse kemerler, pantolon askıları, çorap bağları, jartiyerler ve benzeri eşya ve bunlar için parçalar (örülmüş veya kroşe olsun olmasın) / Sütyenler / Bir sütyen ve bir külot ihtiva eden setler",62
621210900000,"Sütyenler, korseler, korse kemerler, pantolon askıları, çorap bağları, jartiyerler ve benzeri eşya ve bunlar için parçalar (örülmüş veya kroşe olsun olmasın) / Sütyenler / Diğerleri",62
621220000000,"Sütyenler, korseler, korse kemerler, pantolon askıları, çorap bağları, jartiyerler ve benzeri eşya ve bunlar için parçalar (örülmüş veya kroşe olsun olmasın) / Korseler ve korse pantolonlar",62
621230000000,"Sütyenler, korseler, korse kemerler, pantolon askıları, çorap bağları, jartiyerler ve benzeri eşya ve bunlar için parçalar (örülmüş veya kroşe olsun olmasın) / Sütyenli korseler",62
621290000011,"Sütyenler, korseler, korse kemerler, pantolon askıları, çorap bağları, jartiyerler ve benzeri eşya ve bunlar için parçalar (örülmüş veya kroşe olsun olmasın) / Diğerleri / Kuşaklar",62
621290000019,"Sütyenler, korseler, korse kemerler, pantolon askıları, çorap bağları, jartiyerler ve benzeri eşya ve bunlar için parçalar (örülmüş veya kroşe olsun olmasın) / Diğerleri / Diğerleri",62
621320000011,Mendiller / Pamuktan / El yapımı olanlar,62
621320000019,Mendiller / Pamuktan / Diğerleri,62
621390001000,Mendiller / Dokumaya elverişli diğer maddelerden / Ketenden,62
621390009000,Mendiller / Dokumaya elverişli diğer maddelerden / Diğerleri,62
621410000000,"Şallar, eşarplar, fularlar, kaşkollar, peçeler, duvaklar ve benzeri eşya / İpekten veya ipek döküntülerinden",62
621420000000,"Şallar, eşarplar, fularlar, kaşkollar, peçeler, duvaklar ve benzeri eşya / Yünden veya ince hayvan kıllarından",62
621430000000,"Şallar, eşarplar, fularlar, kaşkollar, peçeler, duvaklar ve benzeri eşya / Sentetik liflerden",62
621440000000,"Şallar, eşarplar, fularlar, kaşkollar, peçeler, duvaklar ve benzeri eşya / Suni liflerden",62
621490000000,"Şallar, eşarplar, fularlar, kaşkollar, peçeler, duvaklar ve benzeri eşya / Dokumaya elverişli diğer maddelerden",62
621510001000,"Boyun bağları, papyonlar ve kravatlar / İpekten veya ipek döküntülerinden / Kravat imali için şekil verilerek kesilmiş parçalar",62
621510009000,"Boyun bağları, papyonlar ve kravatlar / İpekten veya ipek döküntülerinden / Diğerleri",62
621520001000,"Boyun bağları, papyonlar ve kravatlar / Sentetik ve suni liflerden / Kravat imali için şekil verilerek kesilmiş parçalar",62
621520009000,"Boyun bağları, papyonlar ve kravatlar / Sentetik ve suni liflerden / Diğerleri",62
621590001000,"Boyun bağları, papyonlar ve kravatlar / Dokumaya elverişli diğer maddelerden / Kravat imali için şekil verilerek kesilmiş parçalar",62
621590009000,"Boyun bağları, papyonlar ve kravatlar / Dokumaya elverişli diğer maddelerden / Diğerleri",62
621600000000,"Eldivenler, tek parmaklı eldivenler ve parmaksız eldivenler",62
621710000011,Giyim eşyasının diğer hazır aksesuarı; giyim eşyasının veya giyim eşyası aksesuarının parçaları (62.12 pozisyonundakiler hariç) / Aksesuarlar / El yapımı olanlar,62
621710000019,Giyim eşyasının diğer hazır aksesuarı; giyim eşyasının veya giyim eşyası aksesuarının parçaları (62.12 pozisyonundakiler hariç) / Aksesuarlar / Diğerleri,62
621790001100,Giyim eşyasının diğer hazır aksesuarı; giyim eşyasının veya giyim eşyası aksesuarının parçaları (62.12 pozisyonundakiler hariç) / Parçalar / Mendiller için olanlar / Keten ve pamuktan,62
621790001900,Giyim eşyasının diğer hazır aksesuarı; giyim eşyasının veya giyim eşyası aksesuarının parçaları (62.12 pozisyonundakiler hariç) / Parçalar / Mendiller için olanlar / Diğerleri,62
621790009000,Giyim eşyasının diğer hazır aksesuarı; giyim eşyasının veya giyim eşyası aksesuarının parçaları (62.12 pozisyonundakiler hariç) / Parçalar / Diğerleri,62
630110000000,Battaniyeler ve seyahat battaniyeleri / Elektrikli battaniyeler,63
630120100000,Battaniyeler ve seyahat battaniyeleri / Yünden veya ince hayvan kılından battaniyeler (elektrikli olanlar hariç) ve seyahat battaniyeleri / Örme veya kroşe,63
630120900000,Battaniyeler ve seyahat battaniyeleri / Yünden veya ince hayvan kılından battaniyeler (elektrikli olanlar hariç) ve seyahat battaniyeleri / Diğerleri,63
630130100000,Battaniyeler ve seyahat battaniyeleri / Pamuktan battaniyeler (elektrikli olanlar hariç) ve seyahat battaniyeleri / Örme veya kroşe,63
630130900000,Battaniyeler ve seyahat battaniyeleri / Pamuktan battaniyeler (elektrikli olanlar hariç) ve seyahat battaniyeleri / Diğerleri,63
630140100000,Battaniyeler ve seyahat battaniyeleri / Sentetik liflerden battaniyeler (elektrikli olanlar hariç) ve seyahat battaniyeleri / Örme veya kroşe,63
630140901000,Battaniyeler ve seyahat battaniyeleri / Sentetik liflerden battaniyeler (elektrikli olanlar hariç) ve seyahat battaniyeleri / Diğerleri / Dokunmamış mensucattan,63
630140909000,Battaniyeler ve seyahat battaniyeleri / Sentetik liflerden battaniyeler (elektrikli olanlar hariç) ve seyahat battaniyeleri / Diğerleri / Diğerleri,63
630190100000,Battaniyeler ve seyahat battaniyeleri / Diğer battaniyeler ve seyahat battaniyeleri / Örme veya kroşe,63
630190901000,Battaniyeler ve seyahat battaniyeleri / Diğer battaniyeler ve seyahat battaniyeleri / Diğerleri / Dokunmamış mensucattan,63
630190909000,Battaniyeler ve seyahat battaniyeleri / Diğer battaniyeler ve seyahat battaniyeleri / Diğerleri / Diğerleri,63
630210000000,"Yatak çarşafları, masa örtüleri, tuvalet ve mutfak bezleri / Yatak çarşafları (örme veya kroşe)",63
630221000011,"Yatak çarşafları, masa örtüleri, tuvalet ve mutfak bezleri / Diğer yatak çarşafları (baskılı) / Pamuktan / Batik metodu ile elde baskı yapılmış olanlar",63
630221000019,"Yatak çarşafları, masa örtüleri, tuvalet ve mutfak bezleri / Diğer yatak çarşafları (baskılı) / Pamuktan / Diğerleri",63
630222100000,"Yatak çarşafları, masa örtüleri, tuvalet ve mutfak bezleri / Diğer yatak çarşafları (baskılı) / Sentetik veya suni liflerden / Dokunmamış mensucattan",63
630222900000,"Yatak çarşafları, masa örtüleri, tuvalet ve mutfak bezleri / Diğer yatak çarşafları (baskılı) / Sentetik veya suni liflerden / Diğerleri",63
630229100000,"Yatak çarşafları, masa örtüleri, tuvalet ve mutfak bezleri / Diğer yatak çarşafları (baskılı) / Dokumaya elverişli diğer maddelerden / Keten veya ramiden",63
630229900000,"Yatak çarşafları, masa örtüleri, tuvalet ve mutfak bezleri / Diğer yatak çarşafları (baskılı) / Dokumaya elverişli diğer maddelerden / Dokumaya elverişli diğer maddelerden",63
630231000000,"Yatak çarşafları, masa örtüleri, tuvalet ve mutfak bezleri / Diğer yatak çarşafları / Pamuktan",63
630232100000,"Yatak çarşafları, masa örtüleri, tuvalet ve mutfak bezleri / Diğer yatak çarşafları / Sentetik veya suni liflerden / Dokunmamış mensucattan",63
630232900000,"Yatak çarşafları, masa örtüleri, tuvalet ve mutfak bezleri / Diğer yatak çarşafları / Sentetik veya suni liflerden / Diğerleri",63
630239200000,"Yatak çarşafları, masa örtüleri, tuvalet ve mutfak bezleri / Diğer yatak çarşafları / Dokumaya elverişli diğer maddelerden / Keten veya ramiden",63
630239900000,"Yatak çarşafları, masa örtüleri, tuvalet ve mutfak bezleri / Diğer yatak çarşafları / Dokumaya elverişli diğer maddelerden / Dokumaya elverişli diğer maddelerden",63
630240000000,"Yatak çarşafları, masa örtüleri, tuvalet ve mutfak bezleri / Masa örtüleri (örme veya kroşe)",63
630251000000,"Yatak çarşafları, masa örtüleri, tuvalet ve mutfak bezleri / Diğer masa örtüleri / Pamuktan",63
630253100000,"Yatak çarşafları, masa örtüleri, tuvalet ve mutfak bezleri / Diğer masa örtüleri / Sentetik veya suni liflerden / Dokunmamış mensucattan",63
630253900000,"Yatak çarşafları, masa örtüleri, tuvalet ve mutfak bezleri / Diğer masa örtüleri / Sentetik veya suni liflerden / Diğerleri",63
630259100000,"Yatak çarşafları, masa örtüleri, tuvalet ve mutfak bezleri / Diğer masa örtüleri / Dokumaya elverişli diğer maddelerden / Ketenden",63
630259900011,"Yatak çarşafları, masa örtüleri, tuvalet ve mutfak bezleri / Diğer masa örtüleri / Dokumaya elverişli diğer maddelerden / Diğerleri / Ramiden",63
630259900012,"Yatak çarşafları, masa örtüleri, tuvalet ve mutfak bezleri / Diğer masa örtüleri / Dokumaya elverişli diğer maddelerden / Diğerleri / Yünden veya ince hayvan kıllarından",63
630259900019,"Yatak çarşafları, masa örtüleri, tuvalet ve mutfak bezleri / Diğer masa örtüleri / Dokumaya elverişli diğer maddelerden / Diğerleri / Diğerleri",63
630260000011,"Yatak çarşafları, masa örtüleri, tuvalet ve mutfak bezleri / Pamuktan tuvalet ve mutfak bezleri (havlu veya benzer mensucattan) / Örme",63
630260000019,"Yatak çarşafları, masa örtüleri, tuvalet ve mutfak bezleri / Pamuktan tuvalet ve mutfak bezleri (havlu veya benzer mensucattan) / Diğerleri",63
630291000000,"Yatak çarşafları, masa örtüleri, tuvalet ve mutfak bezleri / Diğerleri / Pamuktan",63
630293100000,"Yatak çarşafları, masa örtüleri, tuvalet ve mutfak bezleri / Diğerleri / Sentetik veya suni liflerden / Dokunmamış mensucattan",63
630293900000,"Yatak çarşafları, masa örtüleri, tuvalet ve mutfak bezleri / Diğerleri / Sentetik veya suni liflerden / Diğerleri",63
630299100000,"Yatak çarşafları, masa örtüleri, tuvalet ve mutfak bezleri / Diğerleri / Dokumaya elverişli diğer maddelerden / Ketenden",63
630299900011,"Yatak çarşafları, masa örtüleri, tuvalet ve mutfak bezleri / Diğerleri / Dokumaya elverişli diğer maddelerden / Diğerleri / Ramiden",63
630299900012,"Yatak çarşafları, masa örtüleri, tuvalet ve mutfak bezleri / Diğerleri / Dokumaya elverişli diğer maddelerden / Diğerleri / Yünden veya ince hayvan kıllarından",63
630299900019,"Yatak çarşafları, masa örtüleri, tuvalet ve mutfak bezleri / Diğerleri / Dokumaya elverişli diğer maddelerden / Diğerleri / Diğerleri",63
630312000000,Perdeler ve iç storlar; perde ve yatak farbelaları / Örme veya kroşe / Sentetik liflerden,63
630319000000,Perdeler ve iç storlar; perde ve yatak farbelaları / Örme veya kroşe / Dokumaya elverişli diğer maddelerden,63
630391000011,Perdeler ve iç storlar; perde ve yatak farbelaları / Diğerleri / Pamuktan / Tül perdeler,63
630391000020,Perdeler ve iç storlar; perde ve yatak farbelaları / Diğerleri / Pamuktan / Perdeler,63
630391000030,Perdeler ve iç storlar; perde ve yatak farbelaları / Diğerleri / Pamuktan / Diğerleri,63
630392100000,Perdeler ve iç storlar; perde ve yatak farbelaları / Diğerleri / Sentetik liflerden / Dokunmamış mensucattan,63
630392900011,Perdeler ve iç storlar; perde ve yatak farbelaları / Diğerleri / Sentetik liflerden / Diğerleri / Tül perdeler,63
630392900012,Perdeler ve iç storlar; perde ve yatak farbelaları / Diğerleri / Sentetik liflerden / Diğerleri / Perdeler,63
630392900019,Perdeler ve iç storlar; perde ve yatak farbelaları / Diğerleri / Sentetik liflerden / Diğerleri / Diğerleri,63
630399100000,Perdeler ve iç storlar; perde ve yatak farbelaları / Diğerleri / Dokumaya elverişli diğer maddelerden / Dokunmamış mensucattan,63
630399900011,Perdeler ve iç storlar; perde ve yatak farbelaları / Diğerleri / Dokumaya elverişli diğer maddelerden / Diğerleri / Keten veya ramiden olanlar,63
630399900021,Perdeler ve iç storlar; perde ve yatak farbelaları / Diğerleri / Dokumaya elverişli diğer maddelerden / Diğerleri / Diğerleri / Tül perdeler,63
630399900022,Perdeler ve iç storlar; perde ve yatak farbelaları / Diğerleri / Dokumaya elverişli diğer maddelerden / Diğerleri / Diğerleri / Yünden el yapımı perdeler (kalın perdeler dahil),63
630399900023,Perdeler ve iç storlar; perde ve yatak farbelaları / Diğerleri / Dokumaya elverişli diğer maddelerden / Diğerleri / Diğerleri / Yünden diğer perdeler (kalın perdeler dahil),63
630399900029,Perdeler ve iç storlar; perde ve yatak farbelaları / Diğerleri / Dokumaya elverişli diğer maddelerden / Diğerleri / Diğerleri / Diğerleri,63
630411000011,Diğer mefruşat eşyası (94.04 pozisyonundakiler hariç) / Yatak örtüleri / Örme veya kroşe / Pamuktan,63
630411000012,Diğer mefruşat eşyası (94.04 pozisyonundakiler hariç) / Yatak örtüleri / Örme veya kroşe / Keten veya ramiden,63
630411000019,Diğer mefruşat eşyası (94.04 pozisyonundakiler hariç) / Yatak örtüleri / Örme veya kroşe / Diğerleri,63
630419101011,Diğer mefruşat eşyası (94.04 pozisyonundakiler hariç) / Yatak örtüleri / Diğerleri / Pamuktan / Dokunmamış mensucattan / Batik metodu ile elde baskı yapılmış olanlar,63
630419101019,Diğer mefruşat eşyası (94.04 pozisyonundakiler hariç) / Yatak örtüleri / Diğerleri / Pamuktan / Dokunmamış mensucattan / Diğerleri,63
630419109011,Diğer mefruşat eşyası (94.04 pozisyonundakiler hariç) / Yatak örtüleri / Diğerleri / Pamuktan / Diğerleri / Batik metodu ile elde baskı yapılmış olanlar,63
630419109019,Diğer mefruşat eşyası (94.04 pozisyonundakiler hariç) / Yatak örtüleri / Diğerleri / Pamuktan / Diğerleri / Diğerleri,63
630419301000,Diğer mefruşat eşyası (94.04 pozisyonundakiler hariç) / Yatak örtüleri / Diğerleri / Keten ve ramiden / Dokunmamış mensucattan,63
630419309000,Diğer mefruşat eşyası (94.04 pozisyonundakiler hariç) / Yatak örtüleri / Diğerleri / Keten ve ramiden / Diğerleri,63
630419901000,Diğer mefruşat eşyası (94.04 pozisyonundakiler hariç) / Yatak örtüleri / Diğerleri / Dokumaya elverişli diğer maddelerden / Dokunmamış mensucattan,63
630419909011,Diğer mefruşat eşyası (94.04 pozisyonundakiler hariç) / Yatak örtüleri / Diğerleri / Dokumaya elverişli diğer maddelerden / Diğerleri / Yünden veya sentetik veya suni liflerden olanlar,63
630419909019,Diğer mefruşat eşyası (94.04 pozisyonundakiler hariç) / Yatak örtüleri / Diğerleri / Dokumaya elverişli diğer maddelerden / Diğerleri / Diğerleri,63
630420000000,Diğer mefruşat eşyası (94.04 pozisyonundakiler hariç) / Bu Faslın 1 no.lu alt pozisyon notunda belirtilen türden cibinlikler,63
630491000011,Diğer mefruşat eşyası (94.04 pozisyonundakiler hariç) / Diğerleri / Örme veya kroşe / Pamuktan,63
630491000012,Diğer mefruşat eşyası (94.04 pozisyonundakiler hariç) / Diğerleri / Örme veya kroşe / Keten veya ramiden,63
630491000019,Diğer mefruşat eşyası (94.04 pozisyonundakiler hariç) / Diğerleri / Örme veya kroşe / Diğerleri,63
630492001011,Diğer mefruşat eşyası (94.04 pozisyonundakiler hariç) / Diğerleri / Örülmemiş veya kroşe olmayan (pamuktan) / Keçeden olanlar / Batik metodu ile elde baskı yapılmış olanlar,63
630492001019,Diğer mefruşat eşyası (94.04 pozisyonundakiler hariç) / Diğerleri / Örülmemiş veya kroşe olmayan (pamuktan) / Keçeden olanlar / Diğerleri,63
630492009011,Diğer mefruşat eşyası (94.04 pozisyonundakiler hariç) / Diğerleri / Örülmemiş veya kroşe olmayan (pamuktan) / Diğerleri / Batik metodu ile elde baskı yapılmış olanlar,63
630492009019,Diğer mefruşat eşyası (94.04 pozisyonundakiler hariç) / Diğerleri / Örülmemiş veya kroşe olmayan (pamuktan) / Diğerleri / Diğerleri,63
630493000011,Diğer mefruşat eşyası (94.04 pozisyonundakiler hariç) / Diğerleri / Örülmemiş veya kroşe olmayan (sentetik liflerden) / Dokunmamış mensucattan olanlar,63
630493000019,Diğer mefruşat eşyası (94.04 pozisyonundakiler hariç) / Diğerleri / Örülmemiş veya kroşe olmayan (sentetik liflerden) / Diğerleri,63
630499000011,Diğer mefruşat eşyası (94.04 pozisyonundakiler hariç) / Diğerleri / Örülmemiş veya kroşe olmayan (dokumaya elverişli diğer maddelerden) / Keten ve ramiden olanlar,63
630499000012,Diğer mefruşat eşyası (94.04 pozisyonundakiler hariç) / Diğerleri / Örülmemiş veya kroşe olmayan (dokumaya elverişli diğer maddelerden) / Yünden veya suni liflerden olanlar,63
630499000013,Diğer mefruşat eşyası (94.04 pozisyonundakiler hariç) / Diğerleri / Örülmemiş veya kroşe olmayan (dokumaya elverişli diğer maddelerden) / Dokunmamış mensucattan olanlar,63
630499000019,Diğer mefruşat eşyası (94.04 pozisyonundakiler hariç) / Diğerleri / Örülmemiş veya kroşe olmayan (dokumaya elverişli diğer maddelerden) / Diğerleri,63
630510101000,Ambalaj için torba ve çuvallar / 53.03 Pozisyonundaki jütten veya bitki iç kabuklarının dokumaya elverişli diğer liflerinden / Kullanılmış / Örme,63
630510102000,Ambalaj için torba ve çuvallar / 53.03 Pozisyonundaki jütten veya bitki iç kabuklarının dokumaya elverişli diğer liflerinden / Kullanılmış / Jütten,63
630510109000,Ambalaj için torba ve çuvallar / 53.03 Pozisyonundaki jütten veya bitki iç kabuklarının dokumaya elverişli diğer liflerinden / Kullanılmış / Diğerleri,63
630510901000,Ambalaj için torba ve çuvallar / 53.03 Pozisyonundaki jütten veya bitki iç kabuklarının dokumaya elverişli diğer liflerinden / Diğerleri / Örme,63
630510903000,Ambalaj için torba ve çuvallar / 53.03 Pozisyonundaki jütten veya bitki iç kabuklarının dokumaya elverişli diğer liflerinden / Diğerleri / Jütten,63
630510909000,Ambalaj için torba ve çuvallar / 53.03 Pozisyonundaki jütten veya bitki iç kabuklarının dokumaya elverişli diğer liflerinden / Diğerleri / Diğerleri,63
630520001000,Ambalaj için torba ve çuvallar / Pamuktan / Örme,63
630520009000,Ambalaj için torba ve çuvallar / Pamuktan / Diğerleri,63
630532110000,Ambalaj için torba ve çuvallar / Sentetik veya suni maddelerden / Dökme maddeler için esnek mahfazalar / Polietilen yada polipropilen şeritlerden veya benzerlerinden olanlar / Örme veya kroşe,63
630532190000,Ambalaj için torba ve çuvallar / Sentetik veya suni maddelerden / Dökme maddeler için esnek mahfazalar / Polietilen yada polipropilen şeritlerden veya benzerlerinden olanlar / Diğerleri,63
630532901000,Ambalaj için torba ve çuvallar / Sentetik veya suni maddelerden / Dökme maddeler için esnek mahfazalar / Diğerleri / Dokunmamış mensucattan,63
630532909011,Ambalaj için torba ve çuvallar / Sentetik veya suni maddelerden / Dökme maddeler için esnek mahfazalar / Diğerleri / Diğerleri / Örme olanlar,63
630532909019,Ambalaj için torba ve çuvallar / Sentetik veya suni maddelerden / Dökme maddeler için esnek mahfazalar / Diğerleri / Diğerleri / Diğerleri,63
630533100000,Ambalaj için torba ve çuvallar / Sentetik veya suni maddelerden / Diğerleri (polietilen ve polipropilen şeritlerden ve benzerlerinden elde edilenler) / Örme veya kroşe,63
630533900000,Ambalaj için torba ve çuvallar / Sentetik veya suni maddelerden / Diğerleri (polietilen ve polipropilen şeritlerden ve benzerlerinden elde edilenler) / Diğerleri,63
630539001011,Ambalaj için torba ve çuvallar / Sentetik veya suni maddelerden / Diğerleri / Örme / Kullanılmış olanlar,63
630539001019,Ambalaj için torba ve çuvallar / Sentetik veya suni maddelerden / Diğerleri / Örme / Diğerleri,63
630539002011,Ambalaj için torba ve çuvallar / Sentetik veya suni maddelerden / Diğerleri / Dokunmamış mensucattan / Kullanılmış olanlar,63
630539002019,Ambalaj için torba ve çuvallar / Sentetik veya suni maddelerden / Diğerleri / Dokunmamış mensucattan / Diğerleri,63
630539009011,Ambalaj için torba ve çuvallar / Sentetik veya suni maddelerden / Diğerleri / Diğerleri / Kullanılmış olanlar,63
630539009019,Ambalaj için torba ve çuvallar / Sentetik veya suni maddelerden / Diğerleri / Diğerleri / Diğerleri,63
630590001011,Ambalaj için torba ve çuvallar / Dokumaya elverişli diğer maddelerden / Örme / Keten ve sisalden kullanılmış olanlar,63
630590001019,Ambalaj için torba ve çuvallar / Dokumaya elverişli diğer maddelerden / Örme / Diğerleri,63
630590009011,"Ambalaj için torba ve çuvallar / Dokumaya elverişli diğer maddelerden / Diğerleri / Ketenden, kullanılmış olanlar",63
630590009012,"Ambalaj için torba ve çuvallar / Dokumaya elverişli diğer maddelerden / Diğerleri / Ramiden, kullanılmış olanlar",63
630590009013,"Ambalaj için torba ve çuvallar / Dokumaya elverişli diğer maddelerden / Diğerleri / Sisalden, kullanılmış olanlar",63
630590009019,Ambalaj için torba ve çuvallar / Dokumaya elverişli diğer maddelerden / Diğerleri / Diğerleri,63
630612000000,"Vagon ve mavna örtüleri, tenteler ve dış storlar; çadırlar (geçici kanopiler ve benzeri eşya dahil); kayıklara,deniz veya kara taşıtlarına mahsus yelkenler, kamp eşyası / Vagon ve mavna örtüleri, tenteler ve dış storlar / Sentetik liflerden",63
630619000000,"Vagon ve mavna örtüleri, tenteler ve dış storlar; çadırlar (geçici kanopiler ve benzeri eşya dahil); kayıklara,deniz veya kara taşıtlarına mahsus yelkenler, kamp eşyası / Vagon ve mavna örtüleri, tenteler ve dış storlar / Dokumaya elverişli diğer maddelerden",63
630622000000,"Vagon ve mavna örtüleri, tenteler ve dış storlar; çadırlar (geçici kanopiler ve benzeri eşya dahil); kayıklara,deniz veya kara taşıtlarına mahsus yelkenler, kamp eşyası / Çadırlar (geçici kanopiler ve benzeri eşya dahil) / Sentetik liflerden",63
630629000000,"Vagon ve mavna örtüleri, tenteler ve dış storlar; çadırlar (geçici kanopiler ve benzeri eşya dahil); kayıklara,deniz veya kara taşıtlarına mahsus yelkenler, kamp eşyası / Çadırlar (geçici kanopiler ve benzeri eşya dahil) / Dokumaya elverişli diğer maddelerden",63
630630000000,"Vagon ve mavna örtüleri, tenteler ve dış storlar; çadırlar (geçici kanopiler ve benzeri eşya dahil); kayıklara,deniz veya kara taşıtlarına mahsus yelkenler, kamp eşyası / Yelkenler",63
630640000000,"Vagon ve mavna örtüleri, tenteler ve dış storlar; çadırlar (geçici kanopiler ve benzeri eşya dahil); kayıklara,deniz veya kara taşıtlarına mahsus yelkenler, kamp eşyası / Şişme yataklar",63
630690000000,"Vagon ve mavna örtüleri, tenteler ve dış storlar; çadırlar (geçici kanopiler ve benzeri eşya dahil); kayıklara,deniz veya kara taşıtlarına mahsus yelkenler, kamp eşyası / Diğerleri",63
630710100000,"Diğer hazır eşya (elbise patronları dahil) / Yer bezleri, bulaşık bezleri, toz bezleri ve benzeri temizlik bezleri / Örme veya kroşe",63
630710300000,"Diğer hazır eşya (elbise patronları dahil) / Yer bezleri, bulaşık bezleri, toz bezleri ve benzeri temizlik bezleri / Dokunmamış mensucattan",63
630710901000,"Diğer hazır eşya (elbise patronları dahil) / Yer bezleri, bulaşık bezleri, toz bezleri ve benzeri temizlik bezleri / Diğerleri / Keçeden",63
630710909000,"Diğer hazır eşya (elbise patronları dahil) / Yer bezleri, bulaşık bezleri, toz bezleri ve benzeri temizlik bezleri / Diğerleri / Diğerleri",63
630720000000,Diğer hazır eşya (elbise patronları dahil) / Cankurtaran yelekleri ve cankurtaran kemerleri,63
630790100011,Diğer hazır eşya (elbise patronları dahil) / Diğerleri / Örme veya kroşe / Askılı bebek taşıyıcıları,63
630790100019,Diğer hazır eşya (elbise patronları dahil) / Diğerleri / Örme veya kroşe / Diğerleri,63
630790910000,Diğer hazır eşya (elbise patronları dahil) / Diğerleri / Diğerleri / Keçeden,63
630790920000,Diğer hazır eşya (elbise patronları dahil) / Diğerleri / Diğerleri / Diğerleri / 56.03 pozisyonundaki mensucattan yapılmış cerrahi operasyonlarda kullanılan tek kullanımlık örtüler,63
630790930000,Diğer hazır eşya (elbise patronları dahil) / Diğerleri / Diğerleri / Diğerleri / Koruyucu yüz maskeleri / EN 149 standardına uygun FFP maskeler ve partiküllere karşı koruma sağlayan solunum koruyucu cihazlar gibi benzer bir standarda uyan diğer maskeler,63
630790950000,Diğer hazır eşya (elbise patronları dahil) / Diğerleri / Diğerleri / Diğerleri / Koruyucu yüz maskeleri / Diğerleri,63
630790980011,Diğer hazır eşya (elbise patronları dahil) / Diğerleri / Diğerleri / Diğerleri / Diğerleri / Askılı bebek taşıyıcıları,63
630790980019,Diğer hazır eşya (elbise patronları dahil) / Diğerleri / Diğerleri / Diğerleri / Diğerleri / Diğerleri II. TAKIMLAR,63
630800000011,"Kilimler, halılar, işlemeli masa örtüleri ve peçetelerin yapımında kullanılan mensucat ve ipliklerden müteşekkil takımlar (aksesuarıyla birlikte olsun olmasın) veya benzeri dokumaya elverişli maddelerden eşya (perakende olarak satılacak hale getirilmiş) / Pamuktan / Ağartılmamış veya ağartılmış",63
630800000019,"Kilimler, halılar, işlemeli masa örtüleri ve peçetelerin yapımında kullanılan mensucat ve ipliklerden müteşekkil takımlar (aksesuarıyla birlikte olsun olmasın) veya benzeri dokumaya elverişli maddelerden eşya (perakende olarak satılacak hale getirilmiş) / Pamuktan / Diğerleri",63
630800000021,"Kilimler, halılar, işlemeli masa örtüleri ve peçetelerin yapımında kullanılan mensucat ve ipliklerden müteşekkil takımlar (aksesuarıyla birlikte olsun olmasın) veya benzeri dokumaya elverişli maddelerden eşya (perakende olarak satılacak hale getirilmiş) / Sentetik liflerden (devamsız veya döküntü)",63
630800000029,"Kilimler, halılar, işlemeli masa örtüleri ve peçetelerin yapımında kullanılan mensucat ve ipliklerden müteşekkil takımlar (aksesuarıyla birlikte olsun olmasın) veya benzeri dokumaya elverişli maddelerden eşya (perakende olarak satılacak hale getirilmiş) / Diğerleri III. KULLANILMIŞ GİYİM EŞYASI VE MENSUCATTAN MAMUL BENZERİ EŞYA; PAÇAVRALAR",63
630900000000,Kullanılmış giyim eşyası ve kullanılmış diğer eşya,63
631010000000,"Kullanılmış veya yeni paçavralar, sicim, ip ve halat döküntüleri ve dokumaya elverişli maddelerden sicim, ip ve halattan kullanılmış eşya / Tasnife tabi tutulmuş olanlar",63
631090000011,"Kullanılmış veya yeni paçavralar, sicim, ip ve halat döküntüleri ve dokumaya elverişli maddelerden sicim, ip ve halattan kullanılmış eşya / Diğerleri / Terzihanelerde ve hazır giyim atölyelerinde oluşan kırpıntılar",63
631090000019,"Kullanılmış veya yeni paçavralar, sicim, ip ve halat döküntüleri ve dokumaya elverişli maddelerden sicim, ip ve halattan kullanılmış eşya / Diğerleri / Diğerleri",63
640110000000,"Dış tabanı ve yüzü kauçuk veya plastik maddeden olan su geçirmez ayakkabılar (ayakkabının yüzü, tabana dikmek, perçinlemek, çivilemek, vidalamak ve benzeri işlemlerle tutturulmamış veya birleştirilmemiş) / Metalden koruyucu burunlu ayakkabılar",64
640192100000,"Dış tabanı ve yüzü kauçuk veya plastik maddeden olan su geçirmez ayakkabılar (ayakkabının yüzü, tabana dikmek, perçinlemek, çivilemek, vidalamak ve benzeri işlemlerle tutturulmamış veya birleştirilmemiş) / Diğer ayakkabılar / Bileği örtüp dizi örtmeyenler / Yüzü kauçuktan olanlar",64
640192900000,"Dış tabanı ve yüzü kauçuk veya plastik maddeden olan su geçirmez ayakkabılar (ayakkabının yüzü, tabana dikmek, perçinlemek, çivilemek, vidalamak ve benzeri işlemlerle tutturulmamış veya birleştirilmemiş) / Diğer ayakkabılar / Bileği örtüp dizi örtmeyenler / Yüzü plastik maddeden olanlar",64
640199000000,"Dış tabanı ve yüzü kauçuk veya plastik maddeden olan su geçirmez ayakkabılar (ayakkabının yüzü, tabana dikmek, perçinlemek, çivilemek, vidalamak ve benzeri işlemlerle tutturulmamış veya birleştirilmemiş) / Diğer ayakkabılar / Diğerleri",64
640212100000,"Dış tabanı ve yüzü kauçuk veya plastik maddeden olan diğer ayakkabılar / Spor ayakkabıları / Kayak ayakkabıları, kuzey disiplini kayak ayakkabıları ve kar sörfü için ayakkabılar / Kayak ayakkabıları, kuzey disiplini kayak ayakkabıları",64
640212900000,"Dış tabanı ve yüzü kauçuk veya plastik maddeden olan diğer ayakkabılar / Spor ayakkabıları / Kayak ayakkabıları, kuzey disiplini kayak ayakkabıları ve kar sörfü için ayakkabılar / Kar sörfü için ayakkabılar",64
640219000000,Dış tabanı ve yüzü kauçuk veya plastik maddeden olan diğer ayakkabılar / Spor ayakkabıları / Diğerleri,64
640220000000,Dış tabanı ve yüzü kauçuk veya plastik maddeden olan diğer ayakkabılar / Ayakkabıların yüzündeki kayışların veya ince şeritlerin tabandaki deliklerden geçirilmek suretiyle ayakkabı yüzünün tabana tutturulduğu diğer ayakkabılar,64
640291100000,Dış tabanı ve yüzü kauçuk veya plastik maddeden olan diğer ayakkabılar / Diğer ayakkabılar / Bileği örtenler / Koruyucu metal burun ile mücehhez olanlar,64
640291900000,Dış tabanı ve yüzü kauçuk veya plastik maddeden olan diğer ayakkabılar / Diğer ayakkabılar / Bileği örtenler / Diğerleri,64
640299050000,Dış tabanı ve yüzü kauçuk veya plastik maddeden olan diğer ayakkabılar / Diğer ayakkabılar / Diğerleri / Koruyucu metal burun ile mücehhez olanlar,64
640299100000,Dış tabanı ve yüzü kauçuk veya plastik maddeden olan diğer ayakkabılar / Diğer ayakkabılar / Diğerleri / Diğerleri / Yüzü kauçuktan olanlar,64
640299310000,Dış tabanı ve yüzü kauçuk veya plastik maddeden olan diğer ayakkabılar / Diğer ayakkabılar / Diğerleri / Diğerleri / Yüzü plastik maddeden olanlar / Yüzü şeritlerden yapılmış veya bir veya daha fazla parçası kesilip çıkarılmış olanlar / Taban ile birlikte topuk yüksekliği 3 cm. den fazla olanlar,64
640299390000,Dış tabanı ve yüzü kauçuk veya plastik maddeden olan diğer ayakkabılar / Diğer ayakkabılar / Diğerleri / Diğerleri / Yüzü plastik maddeden olanlar / Yüzü şeritlerden yapılmış veya bir veya daha fazla parçası kesilip çıkarılmış olanlar / Diğerleri,64
640299500000,Dış tabanı ve yüzü kauçuk veya plastik maddeden olan diğer ayakkabılar / Diğer ayakkabılar / Diğerleri / Diğerleri / Yüzü plastik maddeden olanlar / Terlik ve ev içinde giyilen diğer ayakkabılar,64
640299910000,Dış tabanı ve yüzü kauçuk veya plastik maddeden olan diğer ayakkabılar / Diğer ayakkabılar / Diğerleri / Diğerleri / Yüzü plastik maddeden olanlar / Diğerleri / İç tabanının uzunluğu 24 cm. den az olanlar,64
640299930000,Dış tabanı ve yüzü kauçuk veya plastik maddeden olan diğer ayakkabılar / Diğer ayakkabılar / Diğerleri / Diğerleri / Yüzü plastik maddeden olanlar / Diğerleri / İç tabanının uzunluğu 24 cm. veya daha fazla olanlar / Erkek veya kadınlara ait olduğu belirlenemeyen ayakkabılar,64
640299960000,Dış tabanı ve yüzü kauçuk veya plastik maddeden olan diğer ayakkabılar / Diğer ayakkabılar / Diğerleri / Diğerleri / Yüzü plastik maddeden olanlar / Diğerleri / İç tabanının uzunluğu 24 cm. veya daha fazla olanlar / Diğerleri / Erkekler için,64
640299980000,Dış tabanı ve yüzü kauçuk veya plastik maddeden olan diğer ayakkabılar / Diğer ayakkabılar / Diğerleri / Diğerleri / Yüzü plastik maddeden olanlar / Diğerleri / İç tabanının uzunluğu 24 cm. veya daha fazla olanlar / Diğerleri / Kadınlar için,64
640312000000,"Dış tabanı kauçuktan, plastik maddeden, tabii veya terkip yoluyla elde edilen köseleden ve yüzü deriden olan ayakkabılar / Spor ayakkabıları / Kayak ayakkabıları , kuzey disiplini kayak ayakkabıları ve kar sörfü için ayakkabılar",64
640319000000,"Dış tabanı kauçuktan, plastik maddeden, tabii veya terkip yoluyla elde edilen köseleden ve yüzü deriden olan ayakkabılar / Spor ayakkabıları / Diğerleri",64
640320000000,"Dış tabanı kauçuktan, plastik maddeden, tabii veya terkip yoluyla elde edilen köseleden ve yüzü deriden olan ayakkabılar / Dış tabanı tabii köseleden ve yüzü ayağın üstünden geçip baş parmağa dolanan deri bir şeritten olan ayakkabılar",64
640340000011,"Dış tabanı kauçuktan, plastik maddeden, tabii veya terkip yoluyla elde edilen köseleden ve yüzü deriden olan ayakkabılar / Diğer ayakkabılar (metalden koruyucu burnu olanlar) / Dış tabanı tabi köseleden ayakkabılar",64
640340000012,"Dış tabanı kauçuktan, plastik maddeden, tabii veya terkip yoluyla elde edilen köseleden ve yüzü deriden olan ayakkabılar / Diğer ayakkabılar (metalden koruyucu burnu olanlar) / Dış tabanı terkip yolu ile elde edilen köseleden ayakkabılar",64
640340000013,"Dış tabanı kauçuktan, plastik maddeden, tabii veya terkip yoluyla elde edilen köseleden ve yüzü deriden olan ayakkabılar / Diğer ayakkabılar (metalden koruyucu burnu olanlar) / Dış tabanı kauçuk veya suni plastik maddelerden ayakkabılar",64
640351050000,"Dış tabanı kauçuktan, plastik maddeden, tabii veya terkip yoluyla elde edilen köseleden ve yüzü deriden olan ayakkabılar / Diğer ayakkabılar (dış tabanı tabii köseleden olanlar) / Bileği örtenler / İç tabanı olmayan, ahşap mesnet veya platform üzerine yapılmış olanlar",64
640351110000,"Dış tabanı kauçuktan, plastik maddeden, tabii veya terkip yoluyla elde edilen köseleden ve yüzü deriden olan ayakkabılar / Diğer ayakkabılar (dış tabanı tabii köseleden olanlar) / Bileği örtenler / Diğerleri / Bileği örten fakat baldırı örtmeyenler, iç taban uzunluğu / 24 cm. den az olanlar",64
640351150000,"Dış tabanı kauçuktan, plastik maddeden, tabii veya terkip yoluyla elde edilen köseleden ve yüzü deriden olan ayakkabılar / Diğer ayakkabılar (dış tabanı tabii köseleden olanlar) / Bileği örtenler / Diğerleri / Bileği örten fakat baldırı örtmeyenler, iç taban uzunluğu / 24 cm. veya daha fazla olanlar / Erkekler için",64
640351190000,"Dış tabanı kauçuktan, plastik maddeden, tabii veya terkip yoluyla elde edilen köseleden ve yüzü deriden olan ayakkabılar / Diğer ayakkabılar (dış tabanı tabii köseleden olanlar) / Bileği örtenler / Diğerleri / Bileği örten fakat baldırı örtmeyenler, iç taban uzunluğu / 24 cm. veya daha fazla olanlar / Kadınlar için",64
640351910000,"Dış tabanı kauçuktan, plastik maddeden, tabii veya terkip yoluyla elde edilen köseleden ve yüzü deriden olan ayakkabılar / Diğer ayakkabılar (dış tabanı tabii köseleden olanlar) / Bileği örtenler / Diğerleri / Diğerleri, iç taban uzunluğu / 24 cm. den az olanlar",64
640351950000,"Dış tabanı kauçuktan, plastik maddeden, tabii veya terkip yoluyla elde edilen köseleden ve yüzü deriden olan ayakkabılar / Diğer ayakkabılar (dış tabanı tabii köseleden olanlar) / Bileği örtenler / Diğerleri / Diğerleri, iç taban uzunluğu / 24 cm. veya daha fazla olanlar / Erkekler için",64
640351990000,"Dış tabanı kauçuktan, plastik maddeden, tabii veya terkip yoluyla elde edilen köseleden ve yüzü deriden olan ayakkabılar / Diğer ayakkabılar (dış tabanı tabii köseleden olanlar) / Bileği örtenler / Diğerleri / Diğerleri, iç taban uzunluğu / 24 cm. veya daha fazla olanlar / Kadınlar için",64
640359050000,"Dış tabanı kauçuktan, plastik maddeden, tabii veya terkip yoluyla elde edilen köseleden ve yüzü deriden olan ayakkabılar / Diğer ayakkabılar (dış tabanı tabii köseleden olanlar) / Diğerleri / İç tabanı olmayan, ahşap mesnet veya platform üzerine yapılmış olanlar",64
640359110000,"Dış tabanı kauçuktan, plastik maddeden, tabii veya terkip yoluyla elde edilen köseleden ve yüzü deriden olan ayakkabılar / Diğer ayakkabılar (dış tabanı tabii köseleden olanlar) / Diğerleri / Diğerleri / Yüzü şeritlerden yapılmış veya bir veya daha fazla parçası kesilip çıkarılmış olanlar / Tabanı ile birlikte topuk yüksekliği 3 cm. den fazla olanlar",64
640359310000,"Dış tabanı kauçuktan, plastik maddeden, tabii veya terkip yoluyla elde edilen köseleden ve yüzü deriden olan ayakkabılar / Diğer ayakkabılar (dış tabanı tabii köseleden olanlar) / Diğerleri / Diğerleri / Yüzü şeritlerden yapılmış veya bir veya daha fazla parçası kesilip çıkarılmış olanlar / Diğerleri, iç taban uzunluğu / 24 cm. den az olanlar",64
640359350000,"Dış tabanı kauçuktan, plastik maddeden, tabii veya terkip yoluyla elde edilen köseleden ve yüzü deriden olan ayakkabılar / Diğer ayakkabılar (dış tabanı tabii köseleden olanlar) / Diğerleri / Diğerleri / Yüzü şeritlerden yapılmış veya bir veya daha fazla parçası kesilip çıkarılmış olanlar / Diğerleri, iç taban uzunluğu / 24 cm. veya daha fazla olanlar / Erkekler için",64
640359390000,"Dış tabanı kauçuktan, plastik maddeden, tabii veya terkip yoluyla elde edilen köseleden ve yüzü deriden olan ayakkabılar / Diğer ayakkabılar (dış tabanı tabii köseleden olanlar) / Diğerleri / Diğerleri / Yüzü şeritlerden yapılmış veya bir veya daha fazla parçası kesilip çıkarılmış olanlar / Diğerleri, iç taban uzunluğu / 24 cm. veya daha fazla olanlar / Kadınlar için",64
640359500011,"Dış tabanı kauçuktan, plastik maddeden, tabii veya terkip yoluyla elde edilen köseleden ve yüzü deriden olan ayakkabılar / Diğer ayakkabılar (dış tabanı tabii köseleden olanlar) / Diğerleri / Diğerleri / Terlikler ve ev içinde giyilen diğer ayakkabılar / Erkekler için",64
640359500012,"Dış tabanı kauçuktan, plastik maddeden, tabii veya terkip yoluyla elde edilen köseleden ve yüzü deriden olan ayakkabılar / Diğer ayakkabılar (dış tabanı tabii köseleden olanlar) / Diğerleri / Diğerleri / Terlikler ve ev içinde giyilen diğer ayakkabılar / Kadınlar için",64
640359500013,"Dış tabanı kauçuktan, plastik maddeden, tabii veya terkip yoluyla elde edilen köseleden ve yüzü deriden olan ayakkabılar / Diğer ayakkabılar (dış tabanı tabii köseleden olanlar) / Diğerleri / Diğerleri / Terlikler ve ev içinde giyilen diğer ayakkabılar / Çocuklar ve bebekler için",64
640359910000,"Dış tabanı kauçuktan, plastik maddeden, tabii veya terkip yoluyla elde edilen köseleden ve yüzü deriden olan ayakkabılar / Diğer ayakkabılar (dış tabanı tabii köseleden olanlar) / Diğerleri / Diğerleri / Diğerleri, iç taban uzunluğu / 24 cm. den az olanlar",64
640359950000,"Dış tabanı kauçuktan, plastik maddeden, tabii veya terkip yoluyla elde edilen köseleden ve yüzü deriden olan ayakkabılar / Diğer ayakkabılar (dış tabanı tabii köseleden olanlar) / Diğerleri / Diğerleri / Diğerleri, iç taban uzunluğu / 24 cm. veya daha fazla olanlar / Erkekler için",64
640359990000,"Dış tabanı kauçuktan, plastik maddeden, tabii veya terkip yoluyla elde edilen köseleden ve yüzü deriden olan ayakkabılar / Diğer ayakkabılar (dış tabanı tabii köseleden olanlar) / Diğerleri / Diğerleri / Diğerleri, iç taban uzunluğu / 24 cm. veya daha fazla olanlar / Kadınlar için",64
640391050000,"Dış tabanı kauçuktan, plastik maddeden, tabii veya terkip yoluyla elde edilen köseleden ve yüzü deriden olan ayakkabılar / Diğer ayakkabılar / Bileği örtenler / İç tabanı olmayan, ahşap mesnet veya platform üzerine yapılmış olanlar",64
640391110000,"Dış tabanı kauçuktan, plastik maddeden, tabii veya terkip yoluyla elde edilen köseleden ve yüzü deriden olan ayakkabılar / Diğer ayakkabılar / Bileği örtenler / Diğerleri / Bileği örten fakat baldırı örtmeyenler, iç taban uzunluğu / 24 cm. den az olanlar",64
640391130000,"Dış tabanı kauçuktan, plastik maddeden, tabii veya terkip yoluyla elde edilen köseleden ve yüzü deriden olan ayakkabılar / Diğer ayakkabılar / Bileği örtenler / Diğerleri / Bileği örten fakat baldırı örtmeyenler, iç taban uzunluğu / 24 cm. veya daha fazla olanlar / Erkek veya kadınlara ait olduğu belirlenemeyen ayakkabılar",64
640391160000,"Dış tabanı kauçuktan, plastik maddeden, tabii veya terkip yoluyla elde edilen köseleden ve yüzü deriden olan ayakkabılar / Diğer ayakkabılar / Bileği örtenler / Diğerleri / Bileği örten fakat baldırı örtmeyenler, iç taban uzunluğu / 24 cm. veya daha fazla olanlar / Diğerleri / Erkekler için",64
640391180000,"Dış tabanı kauçuktan, plastik maddeden, tabii veya terkip yoluyla elde edilen köseleden ve yüzü deriden olan ayakkabılar / Diğer ayakkabılar / Bileği örtenler / Diğerleri / Bileği örten fakat baldırı örtmeyenler, iç taban uzunluğu / 24 cm. veya daha fazla olanlar / Diğerleri / Kadınlar için",64
640391910000,"Dış tabanı kauçuktan, plastik maddeden, tabii veya terkip yoluyla elde edilen köseleden ve yüzü deriden olan ayakkabılar / Diğer ayakkabılar / Bileği örtenler / Diğerleri / Diğerleri, iç taban uzunluğu / 24 cm. den az olanlar",64
640391930000,"Dış tabanı kauçuktan, plastik maddeden, tabii veya terkip yoluyla elde edilen köseleden ve yüzü deriden olan ayakkabılar / Diğer ayakkabılar / Bileği örtenler / Diğerleri / Diğerleri, iç taban uzunluğu / 24 cm. veya daha fazla olanlar / Erkek veya kadınlara ait olduğu belirlenemeyen ayakkabılar",64
640391960000,"Dış tabanı kauçuktan, plastik maddeden, tabii veya terkip yoluyla elde edilen köseleden ve yüzü deriden olan ayakkabılar / Diğer ayakkabılar / Bileği örtenler / Diğerleri / Diğerleri, iç taban uzunluğu / 24 cm. veya daha fazla olanlar / Diğerleri / Erkekler için",64
640391980000,"Dış tabanı kauçuktan, plastik maddeden, tabii veya terkip yoluyla elde edilen köseleden ve yüzü deriden olan ayakkabılar / Diğer ayakkabılar / Bileği örtenler / Diğerleri / Diğerleri, iç taban uzunluğu / 24 cm. veya daha fazla olanlar / Diğerleri / Kadınlar için",64
640399050000,"Dış tabanı kauçuktan, plastik maddeden, tabii veya terkip yoluyla elde edilen köseleden ve yüzü deriden olan ayakkabılar / Diğer ayakkabılar / Diğerleri / İç tabanı olmayan, ahşap mesnet veya platform üzerine yapılmış olanlar",64
640399110000,"Dış tabanı kauçuktan, plastik maddeden, tabii veya terkip yoluyla elde edilen köseleden ve yüzü deriden olan ayakkabılar / Diğer ayakkabılar / Diğerleri / Diğerleri / Yüzü şeritlerden yapılmış veya bir veya daha fazla parçası kesilip çıkarılmış olanlar / Dış tabanı ile birlikte topuk yüksekliği 3 cm. den fazla olanlar",64
640399310000,"Dış tabanı kauçuktan, plastik maddeden, tabii veya terkip yoluyla elde edilen köseleden ve yüzü deriden olan ayakkabılar / Diğer ayakkabılar / Diğerleri / Diğerleri / Yüzü şeritlerden yapılmış veya bir veya daha fazla parçası kesilip çıkarılmış olanlar / Diğerleri, iç taban uzunluğu / 24 cm. den az olanlar",64
640399330000,"Dış tabanı kauçuktan, plastik maddeden, tabii veya terkip yoluyla elde edilen köseleden ve yüzü deriden olan ayakkabılar / Diğer ayakkabılar / Diğerleri / Diğerleri / Yüzü şeritlerden yapılmış veya bir veya daha fazla parçası kesilip çıkarılmış olanlar / Diğerleri, iç taban uzunluğu / Diğerleri / Erkek veya kadınlara ait olduğu belirlenemeyen ayakkabılar",64
640399360000,"Dış tabanı kauçuktan, plastik maddeden, tabii veya terkip yoluyla elde edilen köseleden ve yüzü deriden olan ayakkabılar / Diğer ayakkabılar / Diğerleri / Diğerleri / Yüzü şeritlerden yapılmış veya bir veya daha fazla parçası kesilip çıkarılmış olanlar / Diğerleri, iç taban uzunluğu / Diğerleri / Diğerleri / Erkekler için",64
640399380000,"Dış tabanı kauçuktan, plastik maddeden, tabii veya terkip yoluyla elde edilen köseleden ve yüzü deriden olan ayakkabılar / Diğer ayakkabılar / Diğerleri / Diğerleri / Yüzü şeritlerden yapılmış veya bir veya daha fazla parçası kesilip çıkarılmış olanlar / Diğerleri, iç taban uzunluğu / Diğerleri / Diğerleri / Kadınlar için",64
640399500000,"Dış tabanı kauçuktan, plastik maddeden, tabii veya terkip yoluyla elde edilen köseleden ve yüzü deriden olan ayakkabılar / Diğer ayakkabılar / Diğerleri / Diğerleri / Terlikler ve ev içinde giyilen diğer ayakkabılar",64
640399910000,"Dış tabanı kauçuktan, plastik maddeden, tabii veya terkip yoluyla elde edilen köseleden ve yüzü deriden olan ayakkabılar / Diğer ayakkabılar / Diğerleri / Diğerleri / Diğerleri, iç taban uzunluğu / 24 cm. den az olanlar",64
640399930000,"Dış tabanı kauçuktan, plastik maddeden, tabii veya terkip yoluyla elde edilen köseleden ve yüzü deriden olan ayakkabılar / Diğer ayakkabılar / Diğerleri / Diğerleri / Diğerleri, iç taban uzunluğu / 24 cm. veya daha fazla olanlar / Erkek veya kadınlara ait olduğu belirlenemeyen ayakkabılar",64
640399960000,"Dış tabanı kauçuktan, plastik maddeden, tabii veya terkip yoluyla elde edilen köseleden ve yüzü deriden olan ayakkabılar / Diğer ayakkabılar / Diğerleri / Diğerleri / Diğerleri, iç taban uzunluğu / 24 cm. veya daha fazla olanlar / Diğerleri / Erkekler için",64
640399980000,"Dış tabanı kauçuktan, plastik maddeden, tabii veya terkip yoluyla elde edilen köseleden ve yüzü deriden olan ayakkabılar / Diğer ayakkabılar / Diğerleri / Diğerleri / Diğerleri, iç taban uzunluğu / 24 cm. veya daha fazla olanlar / Diğerleri / Kadınlar için",64
640411000000,"Dış tabanı kauçuktan, plastik maddeden, tabii veya terkip yoluyla elde edilen köseleden ve yüzü dokumaya elverişli maddelerden olan ayakkabılar / Dış tabanı kauçuktan veya plastik maddeden olan ayakkabılar / Spor ayakkabıları, tenis ayakkabıları, basketbol ayakkabıları, jimnastik ayakkabıları, antrenman ayakkabıları ve benzerleri",64
640419100000,"Dış tabanı kauçuktan, plastik maddeden, tabii veya terkip yoluyla elde edilen köseleden ve yüzü dokumaya elverişli maddelerden olan ayakkabılar / Dış tabanı kauçuktan veya plastik maddeden olan ayakkabılar / Diğerleri / Terlikler ve ev içinde giyilen diğer ayakkabılar",64
640419900000,"Dış tabanı kauçuktan, plastik maddeden, tabii veya terkip yoluyla elde edilen köseleden ve yüzü dokumaya elverişli maddelerden olan ayakkabılar / Dış tabanı kauçuktan veya plastik maddeden olan ayakkabılar / Diğerleri / Diğerleri",64
640420100000,"Dış tabanı kauçuktan, plastik maddeden, tabii veya terkip yoluyla elde edilen köseleden ve yüzü dokumaya elverişli maddelerden olan ayakkabılar / Dış tabanı tabii veya terkip yoluyla elde edilen köseleden ayakkabılar / Terlikler ve ev içinde giyilen diğer ayakkabılar",64
640420900000,"Dış tabanı kauçuktan, plastik maddeden, tabii veya terkip yoluyla elde edilen köseleden ve yüzü dokumaya elverişli maddelerden olan ayakkabılar / Dış tabanı tabii veya terkip yoluyla elde edilen köseleden ayakkabılar / Diğerleri",64
640510000000,Diğer ayakkabılar / Yüzü tabii veya terkip yoluyla elde edilen deriden olanlar,64
640520100000,Diğer ayakkabılar / Yüzü dokumaya elverişli maddelerden / Dış tabanı ahşap veya mantardan,64
640520910000,Diğer ayakkabılar / Yüzü dokumaya elverişli maddelerden / Dış tabanı diğer maddelerden / Terlikler ve ev içinde giyilen diğer ayakkabılar,64
640520990000,Diğer ayakkabılar / Yüzü dokumaya elverişli maddelerden / Dış tabanı diğer maddelerden / Diğerleri,64
640590100000,"Diğer ayakkabılar / Diğerleri / Dış tabanı kauçuk, plastik madde, tabii veya terkip yolu ile elde edilen köseleden olanlar",64
640590900000,Diğer ayakkabılar / Diğerleri / Dış tabanı diğer maddelerden olanlar,64
640610100000,"Ayakkabı aksamı (dış tabanlar dışındaki tabanlara tutturulmuş veya tutturulmamış ayakkabı yüzleri dahil); çıkarılabilir iç tabanlar, topuk rampası ve benzeri eşya; getrler ve tozluklar, dizlikler ve benzeri eşya; ve bunların aksamı / Ayakkabı yüzleri ve bunların aksamı (takviye parçaları hariç) / Deriden",64
640610901000,"Ayakkabı aksamı (dış tabanlar dışındaki tabanlara tutturulmuş veya tutturulmamış ayakkabı yüzleri dahil); çıkarılabilir iç tabanlar, topuk rampası ve benzeri eşya; getrler ve tozluklar, dizlikler ve benzeri eşya; ve bunların aksamı / Ayakkabı yüzleri ve bunların aksamı (takviye parçaları hariç) / Diğer maddelerden / Çelikten olanlar",64
640610909000,"Ayakkabı aksamı (dış tabanlar dışındaki tabanlara tutturulmuş veya tutturulmamış ayakkabı yüzleri dahil); çıkarılabilir iç tabanlar, topuk rampası ve benzeri eşya; getrler ve tozluklar, dizlikler ve benzeri eşya; ve bunların aksamı / Ayakkabı yüzleri ve bunların aksamı (takviye parçaları hariç) / Diğer maddelerden / Diğerleri",64
640620100011,"Ayakkabı aksamı (dış tabanlar dışındaki tabanlara tutturulmuş veya tutturulmamış ayakkabı yüzleri dahil); çıkarılabilir iç tabanlar, topuk rampası ve benzeri eşya; getrler ve tozluklar, dizlikler ve benzeri eşya; ve bunların aksamı / Dış tabanlar ve topuklar (kauçuktan veya plastik maddelerden) / Kauçuktan / Dış taban",64
640620100012,"Ayakkabı aksamı (dış tabanlar dışındaki tabanlara tutturulmuş veya tutturulmamış ayakkabı yüzleri dahil); çıkarılabilir iç tabanlar, topuk rampası ve benzeri eşya; getrler ve tozluklar, dizlikler ve benzeri eşya; ve bunların aksamı / Dış tabanlar ve topuklar (kauçuktan veya plastik maddelerden) / Kauçuktan / Topuklar",64
640620900011,"Ayakkabı aksamı (dış tabanlar dışındaki tabanlara tutturulmuş veya tutturulmamış ayakkabı yüzleri dahil); çıkarılabilir iç tabanlar, topuk rampası ve benzeri eşya; getrler ve tozluklar, dizlikler ve benzeri eşya; ve bunların aksamı / Dış tabanlar ve topuklar (kauçuktan veya plastik maddelerden) / Plastik maddelerden / Dış taban",64
640620900012,"Ayakkabı aksamı (dış tabanlar dışındaki tabanlara tutturulmuş veya tutturulmamış ayakkabı yüzleri dahil); çıkarılabilir iç tabanlar, topuk rampası ve benzeri eşya; getrler ve tozluklar, dizlikler ve benzeri eşya; ve bunların aksamı / Dış tabanlar ve topuklar (kauçuktan veya plastik maddelerden) / Plastik maddelerden / Topuklar",64
640690300000,"Ayakkabı aksamı (dış tabanlar dışındaki tabanlara tutturulmuş veya tutturulmamış ayakkabı yüzleri dahil); çıkarılabilir iç tabanlar, topuk rampası ve benzeri eşya; getrler ve tozluklar, dizlikler ve benzeri eşya; ve bunların aksamı / Diğerleri / Dış tabanı olmayan fakat iç taban veya diğer iç kısımlara tutturulmuş ayakkabı yüzlerinden meydana gelenler",64
640690501011,"Ayakkabı aksamı (dış tabanlar dışındaki tabanlara tutturulmuş veya tutturulmamış ayakkabı yüzleri dahil); çıkarılabilir iç tabanlar, topuk rampası ve benzeri eşya; getrler ve tozluklar, dizlikler ve benzeri eşya; ve bunların aksamı / Diğerleri / Çıkarılabilen iç tabanlar ve diğer çıkarılabilen aksesuar / Demir döküm, demir veya çelikten veya aluminyumdan olanlar / Çıkarılabilen iç tabanlar",64
640690501019,"Ayakkabı aksamı (dış tabanlar dışındaki tabanlara tutturulmuş veya tutturulmamış ayakkabı yüzleri dahil); çıkarılabilir iç tabanlar, topuk rampası ve benzeri eşya; getrler ve tozluklar, dizlikler ve benzeri eşya; ve bunların aksamı / Diğerleri / Çıkarılabilen iç tabanlar ve diğer çıkarılabilen aksesuar / Demir döküm, demir veya çelikten veya aluminyumdan olanlar / Diğerleri",64
640690503011,"Ayakkabı aksamı (dış tabanlar dışındaki tabanlara tutturulmuş veya tutturulmamış ayakkabı yüzleri dahil); çıkarılabilir iç tabanlar, topuk rampası ve benzeri eşya; getrler ve tozluklar, dizlikler ve benzeri eşya; ve bunların aksamı / Diğerleri / Çıkarılabilen iç tabanlar ve diğer çıkarılabilen aksesuar / Bakırdan olanlar / Çıkarılabilen iç tabanlar",64
640690503019,"Ayakkabı aksamı (dış tabanlar dışındaki tabanlara tutturulmuş veya tutturulmamış ayakkabı yüzleri dahil); çıkarılabilir iç tabanlar, topuk rampası ve benzeri eşya; getrler ve tozluklar, dizlikler ve benzeri eşya; ve bunların aksamı / Diğerleri / Çıkarılabilen iç tabanlar ve diğer çıkarılabilen aksesuar / Bakırdan olanlar / Diğerleri",64
640690509011,"Ayakkabı aksamı (dış tabanlar dışındaki tabanlara tutturulmuş veya tutturulmamış ayakkabı yüzleri dahil); çıkarılabilir iç tabanlar, topuk rampası ve benzeri eşya; getrler ve tozluklar, dizlikler ve benzeri eşya; ve bunların aksamı / Diğerleri / Çıkarılabilen iç tabanlar ve diğer çıkarılabilen aksesuar / Diğerleri / Çıkarılabilen iç tabanlar",64
640690509019,"Ayakkabı aksamı (dış tabanlar dışındaki tabanlara tutturulmuş veya tutturulmamış ayakkabı yüzleri dahil); çıkarılabilir iç tabanlar, topuk rampası ve benzeri eşya; getrler ve tozluklar, dizlikler ve benzeri eşya; ve bunların aksamı / Diğerleri / Çıkarılabilen iç tabanlar ve diğer çıkarılabilen aksesuar / Diğerleri / Diğerleri",64
640690600000,"Ayakkabı aksamı (dış tabanlar dışındaki tabanlara tutturulmuş veya tutturulmamış ayakkabı yüzleri dahil); çıkarılabilir iç tabanlar, topuk rampası ve benzeri eşya; getrler ve tozluklar, dizlikler ve benzeri eşya; ve bunların aksamı / Diğerleri / Tabii veya terkip yoluyla elde edilen deriden ayakkabı dış tabanları",64
640690901000,"Ayakkabı aksamı (dış tabanlar dışındaki tabanlara tutturulmuş veya tutturulmamış ayakkabı yüzleri dahil); çıkarılabilir iç tabanlar, topuk rampası ve benzeri eşya; getrler ve tozluklar, dizlikler ve benzeri eşya; ve bunların aksamı / Diğerleri / Diğerleri / Demir döküm, demir veya çelikten veya aluminyumdan olanlar",64
640690903000,"Ayakkabı aksamı (dış tabanlar dışındaki tabanlara tutturulmuş veya tutturulmamış ayakkabı yüzleri dahil); çıkarılabilir iç tabanlar, topuk rampası ve benzeri eşya; getrler ve tozluklar, dizlikler ve benzeri eşya; ve bunların aksamı / Diğerleri / Diğerleri / Bakırdan olanlar",64
640690909000,"Ayakkabı aksamı (dış tabanlar dışındaki tabanlara tutturulmuş veya tutturulmamış ayakkabı yüzleri dahil); çıkarılabilir iç tabanlar, topuk rampası ve benzeri eşya; getrler ve tozluklar, dizlikler ve benzeri eşya; ve bunların aksamı / Diğerleri / Diğerleri / Diğerleri",64
